-- phpMyAdmin SQL Dump
-- version 4.0.4.2
-- http://www.phpmyadmin.net
--
-- Host: localhost
-- Generation Time: Feb 09, 2015 at 05:12 PM
-- Server version: 5.6.13
-- PHP Version: 5.4.17

SET SQL_MODE = "NO_AUTO_VALUE_ON_ZERO";
SET time_zone = "+00:00";


/*!40101 SET @OLD_CHARACTER_SET_CLIENT=@@CHARACTER_SET_CLIENT */;
/*!40101 SET @OLD_CHARACTER_SET_RESULTS=@@CHARACTER_SET_RESULTS */;
/*!40101 SET @OLD_COLLATION_CONNECTION=@@COLLATION_CONNECTION */;
/*!40101 SET NAMES utf8 */;

--
-- Database: `herbaccountancy`
--
CREATE DATABASE IF NOT EXISTS `herbaccountancy` DEFAULT CHARACTER SET latin1 COLLATE latin1_swedish_ci;
USE `herbaccountancy`;

-- --------------------------------------------------------

--
-- Table structure for table `address`
--

CREATE TABLE IF NOT EXISTS `address` (
  `ID` bigint(20) NOT NULL AUTO_INCREMENT,
  `NUMBER` varchar(255) DEFAULT NULL,
  `STREET` varchar(255) DEFAULT NULL,
  `WOONPLAATSID_ID` bigint(20) DEFAULT NULL,
  PRIMARY KEY (`ID`),
  KEY `FK_ADDRESS_WOONPLAATSID_ID` (`WOONPLAATSID_ID`)
) ENGINE=InnoDB  DEFAULT CHARSET=latin1 AUTO_INCREMENT=14 ;

--
-- Dumping data for table `address`
--

INSERT INTO `address` (`ID`, `NUMBER`, `STREET`, `WOONPLAATSID_ID`) VALUES
(1, '34', 'Donkvijverstraat', 1),
(2, '19', 'Deurnestraat', 3),
(3, '55', 'GOldblumlane', 55),
(4, '55', 'Deanlane', 79),
(5, '55', 'Stratocasterlane', 384),
(6, '55', 'Stratocasterlane', 384),
(7, '5', 'Bobstreet ', 564),
(8, '5', 'Bobstreet ', 564),
(9, '5', 'Bobstreet ', 564),
(10, '5', 'Bobstreet ', 564),
(11, '34', 'Donkvijverstraat', 2255),
(12, '22', 'Deletestraat 12', 384),
(13, '34', 'Donkvijverstraat', 1592);

-- --------------------------------------------------------

--
-- Table structure for table `customer`
--

CREATE TABLE IF NOT EXISTS `customer` (
  `ID` bigint(20) NOT NULL AUTO_INCREMENT,
  `EMAIL` varchar(255) DEFAULT NULL,
  `FIRSTNAME` varchar(255) DEFAULT NULL,
  `LASTNAME` varchar(255) DEFAULT NULL,
  `LENGTE` int(11) DEFAULT NULL,
  `ADDRESSID_ID` bigint(20) DEFAULT NULL,
  PRIMARY KEY (`ID`),
  KEY `FK_CUSTOMER_ADDRESSID_ID` (`ADDRESSID_ID`)
) ENGINE=InnoDB  DEFAULT CHARSET=latin1 AUTO_INCREMENT=8 ;

--
-- Dumping data for table `customer`
--

INSERT INTO `customer` (`ID`, `EMAIL`, `FIRSTNAME`, `LASTNAME`, `LENGTE`, `ADDRESSID_ID`) VALUES
(1, 'customer1@customer.com', 'Customer', 'Een', 180, 13),
(2, 'customer2@customer.com', 'Customer', 'Twee', 170, 2),
(3, 'jef@golblum.com', 'Jef', 'Goldblum', 185, 3),
(4, 'james@dean.com', 'James', 'Dean', 185, 4),
(7, 'bob@billy.com', 'Billy', 'Bob', 184, 7);

-- --------------------------------------------------------

--
-- Table structure for table `customerdata`
--

CREATE TABLE IF NOT EXISTS `customerdata` (
  `ID` bigint(20) NOT NULL AUTO_INCREMENT,
  `BMI` float DEFAULT NULL,
  `BONEMASS` float DEFAULT NULL,
  `CKALREST` int(11) DEFAULT NULL,
  `FATTYMASS` float DEFAULT NULL,
  `METABOLICAGE` int(11) DEFAULT NULL,
  `MUSCLEMASS` float DEFAULT NULL,
  `VISCERALFAT` float DEFAULT NULL,
  `WATERPERCENTAGE` float DEFAULT NULL,
  `WEIGHINGDATE` varchar(255) DEFAULT NULL,
  `WEIGHT` float DEFAULT NULL,
  `customerID` bigint(20) NOT NULL,
  PRIMARY KEY (`ID`),
  KEY `customerID` (`customerID`)
) ENGINE=InnoDB  DEFAULT CHARSET=latin1 AUTO_INCREMENT=15 ;

--
-- Dumping data for table `customerdata`
--

INSERT INTO `customerdata` (`ID`, `BMI`, `BONEMASS`, `CKALREST`, `FATTYMASS`, `METABOLICAGE`, `MUSCLEMASS`, `VISCERALFAT`, `WATERPERCENTAGE`, `WEIGHINGDATE`, `WEIGHT`, `customerID`) VALUES
(3, 1, 1, 1, 1, 1, 1, 1, 1, '2015-02-19', 1, 2),
(4, 2, 2, 2, 2, 2, 2, 2, 2, '2015-02-08', 2, 3),
(5, 3, 3, 3, 3, 3, 3, 3, 3, '2015-02-01', 3, 7),
(6, 1, 1, 1, 1, 1, 1, 1, 1, '2015-02-04', 111, 1),
(8, 1, 1, 1, 1, 1, 1, 1, 1, '2015-02-08', 1, 4),
(9, 2, 2, 2, 2, 2, 2, 2, 2, '2015-02-02', 2, 4),
(10, 5, 5, 5, 5, 5, 5, 5, 5, '2015-02-15', 5, 4),
(11, 6, 6, 66, 6, 6, 6, 6, 6, '2015-02-21', 6, 4),
(12, 5, 5, 5, 5, 5, 5, 5, 5, '2014-11-12', 5, 1),
(13, 2, 2, 2, 2, 2, 2, 2, 2, '2015-02-08', 2, 1),
(14, 2, 2, 2, 2, 2, 2, 2, 2, '1985-05-02', 2, 4);

-- --------------------------------------------------------

--
-- Table structure for table `domicile`
--

CREATE TABLE IF NOT EXISTS `domicile` (
  `ID` bigint(20) NOT NULL AUTO_INCREMENT,
  `CITY` varchar(255) DEFAULT NULL,
  `COUNTRY` varchar(255) DEFAULT NULL,
  `POSTALCODE` varchar(255) DEFAULT NULL,
  PRIMARY KEY (`ID`)
) ENGINE=InnoDB  DEFAULT CHARSET=latin1 AUTO_INCREMENT=2858 ;

--
-- Dumping data for table `domicile`
--

INSERT INTO `domicile` (`ID`, `CITY`, `COUNTRY`, `POSTALCODE`) VALUES
(1, 'Beveren-Waas', 'Belgium', '9120'),
(2, 'Mortsel', 'Belgium', '2640'),
(3, 'Vrasene', 'Belgium', '9120'),
(4, 'Kontich', 'Belgium', '2550'),
(5, 'Aaigem', 'Belgium', '9420'),
(6, 'Aalbeke', 'Belgium', '8511'),
(7, 'Aalst', 'Belgium', '9300'),
(8, 'Aalst', 'Belgium', '3800'),
(9, 'Aalter', 'Belgium', '9880'),
(10, 'Aarschot', 'Belgium', '3200'),
(11, 'Aarsele', 'Belgium', '8700'),
(12, 'Aartrijke', 'Belgium', '8211'),
(13, 'Aartselaar', 'Belgium', '2630'),
(14, 'Ab?e', 'Belgium', '4557'),
(15, 'Abolens', 'Belgium', '4280'),
(16, 'Achel', 'Belgium', '3930'),
(17, 'Ach?ne', 'Belgium', '5590'),
(18, 'Achet', 'Belgium', '5362'),
(19, 'Acosse', 'Belgium', '4219'),
(20, 'Acoz', 'Belgium', '6280'),
(21, 'Adegem', 'Belgium', '9991'),
(22, 'Adinkerke', 'Belgium', '8660'),
(23, 'Affligem', 'Belgium', '1790'),
(24, 'Afsnee', 'Belgium', '9051'),
(25, 'Agimont', 'Belgium', '5544'),
(26, 'Aineffe', 'Belgium', '4317'),
(27, 'Aische-en-Refail', 'Belgium', '5310'),
(28, 'Aiseau', 'Belgium', '6250'),
(29, 'Aiseau-Presles', 'Belgium', '6250'),
(30, 'Aisemont', 'Belgium', '5070'),
(31, 'Alken', 'Belgium', '3570'),
(32, 'Alle', 'Belgium', '5550'),
(33, 'Alleur', 'Belgium', '4432'),
(34, 'Alsemberg', 'Belgium', '1652'),
(35, 'Alveringem', 'Belgium', '8690'),
(36, 'Amay', 'Belgium', '4540'),
(37, 'Amberloup', 'Belgium', '6680'),
(38, 'Ambl?ve', 'Belgium', '4770'),
(39, 'Ambly', 'Belgium', '6953'),
(40, 'Ambresin', 'Belgium', '4219'),
(41, 'Amel', 'Belgium', '4770'),
(42, 'Amonines', 'Belgium', '6997'),
(43, 'Amougies', 'Belgium', '7750'),
(44, 'Ampsin', 'Belgium', '4540'),
(45, 'Andenne', 'Belgium', '5300'),
(46, 'Anderlecht', 'Belgium', '1070'),
(47, 'Anderlues', 'Belgium', '6150'),
(48, 'Andrimont', 'Belgium', '4821'),
(49, 'Angleur', 'Belgium', '4031'),
(50, 'Angre', 'Belgium', '7387'),
(51, 'Angreau', 'Belgium', '7387'),
(52, 'Anh?e', 'Belgium', '5537'),
(53, 'Anlier', 'Belgium', '6721'),
(54, 'Anloy', 'Belgium', '6890'),
(55, 'Annevoie-Rouillon', 'Belgium', '5537'),
(56, 'Ans', 'Belgium', '4430'),
(57, 'Anseremme', 'Belgium', '5500'),
(58, 'Anseroeul', 'Belgium', '7750'),
(59, 'Anth?e', 'Belgium', '5520'),
(60, 'Antheit', 'Belgium', '4520'),
(61, 'Anthisnes', 'Belgium', '4160'),
(62, 'Antoing', 'Belgium', '7640'),
(63, 'Antwerpen', 'Belgium', '2000'),
(64, 'Antwerpen', 'Belgium', '2018'),
(65, 'Antwerpen', 'Belgium', '2020'),
(66, 'Antwerpen', 'Belgium', '2030'),
(67, 'Antwerpen', 'Belgium', '2040'),
(68, 'Antwerpen', 'Belgium', '2050'),
(69, 'Antwerpen', 'Belgium', '2060'),
(70, 'Anvaing', 'Belgium', '7910'),
(71, 'Anzegem', 'Belgium', '8570'),
(72, 'Appels', 'Belgium', '9200'),
(73, 'Appelterre-Eichem', 'Belgium', '9400'),
(74, 'Arbre', 'Belgium', '7811'),
(75, 'Arbre', 'Belgium', '5170'),
(76, 'Arbrefontaine', 'Belgium', '4990'),
(77, 'Arc-Aini?res', 'Belgium', '7910'),
(78, 'Archennes', 'Belgium', '1390'),
(79, 'Arc-Wattripont', 'Belgium', '7910'),
(80, 'Ardooie', 'Belgium', '8850'),
(81, 'Arendonk', 'Belgium', '2370'),
(82, 'Argenteau', 'Belgium', '4601'),
(83, 'Arlon', 'Belgium', '6700'),
(84, 'Arquennes', 'Belgium', '7181'),
(85, 'Arsimont', 'Belgium', '5060'),
(86, 'Arville', 'Belgium', '6870'),
(87, 'As', 'Belgium', '3665'),
(88, 'Aspelare', 'Belgium', '9404'),
(89, 'Asper', 'Belgium', '9890'),
(90, 'Asquillies', 'Belgium', '7040'),
(91, 'Asse', 'Belgium', '1730'),
(92, 'Assebroek', 'Belgium', '8310'),
(93, 'Assenede', 'Belgium', '9960'),
(94, 'Assenois', 'Belgium', '6860'),
(95, 'Assent', 'Belgium', '3460'),
(96, 'Assesse', 'Belgium', '5330'),
(97, 'Astene', 'Belgium', '9800'),
(98, 'Ath', 'Belgium', '7800'),
(99, 'Athis', 'Belgium', '7387'),
(100, 'Athus', 'Belgium', '6791'),
(101, 'Attenhoven', 'Belgium', '3404'),
(102, 'Attenrode', 'Belgium', '3384'),
(103, 'Attert', 'Belgium', '6717'),
(104, 'Attre', 'Belgium', '7941'),
(105, 'Aubange', 'Belgium', '6790'),
(106, 'Aubechies', 'Belgium', '7972'),
(107, 'Aubel', 'Belgium', '4880'),
(108, 'Aublain', 'Belgium', '5660'),
(109, 'Auby-sur-Semois', 'Belgium', '6880'),
(110, 'Auderghem', 'Belgium', '1160'),
(111, 'Audregnies', 'Belgium', '7382'),
(112, 'Aulnois', 'Belgium', '7040'),
(113, 'Autelbas', 'Belgium', '6706'),
(114, 'Autre-Eglise', 'Belgium', '1367'),
(115, 'Autreppe', 'Belgium', '7387'),
(116, 'Auvelais', 'Belgium', '5060'),
(117, 'Ave-et-Auffe', 'Belgium', '5580'),
(118, 'Avekapelle', 'Belgium', '8630'),
(119, 'Avelgem', 'Belgium', '8580'),
(120, 'Avennes', 'Belgium', '4260'),
(121, 'Averbode', 'Belgium', '3271'),
(122, 'Avernas-le-Bauduin', 'Belgium', '4280'),
(123, 'Avin', 'Belgium', '4280'),
(124, 'Awans', 'Belgium', '4340'),
(125, 'Awenne', 'Belgium', '6870'),
(126, 'Awirs', 'Belgium', '4400'),
(127, 'Aye', 'Belgium', '6900'),
(128, 'Ayeneux', 'Belgium', '4630'),
(129, 'Aywaille', 'Belgium', '4920'),
(130, 'Baaigem', 'Belgium', '9890'),
(131, 'Baal', 'Belgium', '3128'),
(132, 'Baardegem', 'Belgium', '9310'),
(133, 'Baarle-Hertog', 'Belgium', '2387'),
(134, 'Baasrode', 'Belgium', '9200'),
(135, 'Bachte-Maria-Leerne', 'Belgium', '9800'),
(136, 'Baelen', 'Belgium', '4837'),
(137, 'Bagimont', 'Belgium', '5550'),
(138, 'Baileux', 'Belgium', '6464'),
(139, 'Baili?vre', 'Belgium', '6460'),
(140, 'Baillamont', 'Belgium', '5555'),
(141, 'Bailleul', 'Belgium', '7730'),
(142, 'Baillonville', 'Belgium', '5377'),
(143, 'Baisieux', 'Belgium', '7380'),
(144, 'Baisy-thy', 'Belgium', '1470'),
(145, 'Bal?tre', 'Belgium', '5190'),
(146, 'Balegem', 'Belgium', '9860'),
(147, 'Balen', 'Belgium', '2490'),
(148, 'Bambrugge', 'Belgium', '9420'),
(149, 'Bande', 'Belgium', '6951'),
(150, 'Barben?on', 'Belgium', '6500'),
(151, 'Barchon', 'Belgium', '4671'),
(152, 'Baronville', 'Belgium', '5570'),
(153, 'Barry', 'Belgium', '7534'),
(154, 'Barvaux-Condroz', 'Belgium', '5370'),
(155, 'Barvaux-sur-Ourthe', 'Belgium', '6940'),
(156, 'Bas?cles', 'Belgium', '7971'),
(157, 'Bas-Oha', 'Belgium', '4520'),
(158, 'Basse-Bodeux', 'Belgium', '4983'),
(159, 'Bassenge', 'Belgium', '4690'),
(160, 'Bassevelde', 'Belgium', '9968'),
(161, 'Bassilly', 'Belgium', '7830'),
(162, 'Bastogne', 'Belgium', '6600'),
(163, 'Bas-Warneton', 'Belgium', '7784'),
(164, 'Batsheers', 'Belgium', '3870'),
(165, 'Battice', 'Belgium', '4651'),
(166, 'Battignies', 'Belgium', '7130'),
(167, 'Baudour', 'Belgium', '7331'),
(168, 'Bauffe', 'Belgium', '7870'),
(169, 'Baugnies', 'Belgium', '7604'),
(170, 'Baulers', 'Belgium', '1401'),
(171, 'Bavegem', 'Belgium', '9520'),
(172, 'Bavikhove', 'Belgium', '8531'),
(173, 'Bazel', 'Belgium', '9150'),
(174, 'Beaufays', 'Belgium', '4052'),
(175, 'Beaumont', 'Belgium', '6500'),
(176, 'Beauraing', 'Belgium', '5570'),
(177, 'Beausaint', 'Belgium', '6980'),
(178, 'Beauvechain', 'Belgium', '1320'),
(179, 'Beauwelz', 'Belgium', '6594'),
(180, 'Beclers', 'Belgium', '7532'),
(181, 'Beek', 'Belgium', '3960'),
(182, 'Beerlegem', 'Belgium', '9630'),
(183, 'Beernem', 'Belgium', '8730'),
(184, 'Beerse', 'Belgium', '2340'),
(185, 'Beersel', 'Belgium', '1650'),
(186, 'Beerst', 'Belgium', '8600'),
(187, 'Beert', 'Belgium', '1673'),
(188, 'Beervelde', 'Belgium', '9080'),
(189, 'Beerzel', 'Belgium', '2580'),
(190, 'Beez', 'Belgium', '5000'),
(191, 'Beffe', 'Belgium', '6987'),
(192, 'Begijnendijk', 'Belgium', '3130'),
(193, 'Beho', 'Belgium', '6672'),
(194, 'Beigem', 'Belgium', '1852'),
(195, 'Bekegem', 'Belgium', '8480'),
(196, 'Bekkerzeel', 'Belgium', '1730'),
(197, 'Bekkevoort', 'Belgium', '3460'),
(198, 'Belgrade', 'Belgium', '5001'),
(199, 'Bellaire', 'Belgium', '4610'),
(200, 'Bellecourt', 'Belgium', '7170'),
(201, 'Bellefontaine', 'Belgium', '6730'),
(202, 'Bellefontaine', 'Belgium', '5555'),
(203, 'Bellegem', 'Belgium', '8510'),
(204, 'Bellem', 'Belgium', '9881'),
(205, 'Bellevaux', 'Belgium', '6834'),
(206, 'Bellevaux-Ligneuville', 'Belgium', '4960'),
(207, 'Bellingen', 'Belgium', '1674'),
(208, 'Beloeil', 'Belgium', '7970'),
(209, 'Belsele', 'Belgium', '9111'),
(210, 'Ben-Ahin', 'Belgium', '4500'),
(211, 'Bende', 'Belgium', '6941'),
(212, 'Berbroek', 'Belgium', '3540'),
(213, 'Berchem', 'Belgium', '2600'),
(214, 'Berchem', 'Belgium', '9690'),
(215, 'Berchem-Sainte-Agathe', 'Belgium', '1082'),
(216, 'Berendrecht', 'Belgium', '2040'),
(217, 'Berg', 'Belgium', '1910'),
(218, 'Berg', 'Belgium', '3700'),
(219, 'Bergilers', 'Belgium', '4360'),
(220, 'Beringen', 'Belgium', '3580'),
(221, 'Berlaar', 'Belgium', '2590'),
(222, 'Berlare', 'Belgium', '9290'),
(223, 'Berlingen', 'Belgium', '3830'),
(224, 'Berloz', 'Belgium', '4257'),
(225, 'Berneau', 'Belgium', '4607'),
(226, 'Bernissart', 'Belgium', '7320'),
(227, 'Bersillies-l''Abbaye', 'Belgium', '6560'),
(228, 'Bertem', 'Belgium', '3060'),
(229, 'Bertogne', 'Belgium', '6687'),
(230, 'Bertr?e', 'Belgium', '4280'),
(231, 'Bertrix', 'Belgium', '6880'),
(232, 'Berz?e', 'Belgium', '5651'),
(233, 'Beselare', 'Belgium', '8980'),
(234, 'Betekom', 'Belgium', '3130'),
(235, 'Bettincourt', 'Belgium', '4300'),
(236, 'Beuzet', 'Belgium', '5030'),
(237, 'Bevel', 'Belgium', '2560'),
(238, 'Bever', 'Belgium', '1547'),
(239, 'Beverc?', 'Belgium', '4960'),
(240, 'Bevere', 'Belgium', '9700'),
(241, 'Beveren', 'Belgium', '8791'),
(242, 'Beveren', 'Belgium', '8800'),
(243, 'Beveren-aan-den-Ijzer', 'Belgium', '8691'),
(244, 'Beveren-Waas', 'Belgium', '9120'),
(245, 'Beverlo', 'Belgium', '3581'),
(246, 'Beverst', 'Belgium', '3740'),
(247, 'Beyne-Heusay', 'Belgium', '4610'),
(248, 'Bienne-lez-Happart', 'Belgium', '6543'),
(249, 'Bierbeek', 'Belgium', '3360'),
(250, 'Bierc?e', 'Belgium', '6533'),
(251, 'Bierges', 'Belgium', '1301'),
(252, 'Bierghes', 'Belgium', '1430'),
(253, 'Bierset', 'Belgium', '4460'),
(254, 'Bierwart', 'Belgium', '5380'),
(255, 'Biesme', 'Belgium', '5640'),
(256, 'Biesmer?e', 'Belgium', '5640'),
(257, 'Biesme-sous-Thuin', 'Belgium', '6531'),
(258, 'Bi?v?ne', 'Belgium', '1547'),
(259, 'Bi?vre', 'Belgium', '5555'),
(260, 'Biez', 'Belgium', '1390'),
(261, 'Bihain', 'Belgium', '6690'),
(262, 'Bikschote', 'Belgium', '8920'),
(263, 'Bilstain', 'Belgium', '4831'),
(264, 'Bilzen', 'Belgium', '3740'),
(265, 'Binche', 'Belgium', '7130'),
(266, 'Binderveld', 'Belgium', '3850'),
(267, 'Binkom', 'Belgium', '3211'),
(268, 'Bioul', 'Belgium', '5537'),
(269, 'Bissegem', 'Belgium', '8501'),
(270, 'Bizet', 'Belgium', '7783'),
(271, 'Blaasveld', 'Belgium', '2830'),
(272, 'Blaimont', 'Belgium', '5542'),
(273, 'Blandain', 'Belgium', '7522'),
(274, 'Blanden', 'Belgium', '3052'),
(275, 'Blankenberge', 'Belgium', '8370'),
(276, 'Blaregnies', 'Belgium', '7040'),
(277, 'Blaton', 'Belgium', '7321'),
(278, 'Blaugies', 'Belgium', '7370'),
(279, 'Bl?gny', 'Belgium', '4670'),
(280, 'Bl?haries', 'Belgium', '7620'),
(281, 'Blehen', 'Belgium', '4280'),
(282, 'Bleid', 'Belgium', '6760'),
(283, 'Bleret', 'Belgium', '4300'),
(284, 'Blicquy', 'Belgium', '7903'),
(285, 'Bocholt', 'Belgium', '3950'),
(286, 'Boechout', 'Belgium', '2530'),
(287, 'Boekhout', 'Belgium', '3890'),
(288, 'Boekhoute', 'Belgium', '9961'),
(289, 'Bo?lhe', 'Belgium', '4250'),
(290, 'Boezinge', 'Belgium', '8904'),
(291, 'Bogaarden', 'Belgium', '1670'),
(292, 'Bohan', 'Belgium', '5550'),
(293, 'Boign?e', 'Belgium', '5140'),
(294, 'Boirs', 'Belgium', '4690'),
(295, 'Bois-de-Lessines', 'Belgium', '7866'),
(296, 'Bois-de-Villers', 'Belgium', '5170'),
(297, 'Bois-d''Haine', 'Belgium', '7170'),
(298, 'Bois-et-Borsu', 'Belgium', '4560'),
(299, 'Bolinne', 'Belgium', '5310'),
(300, 'Bolland', 'Belgium', '4653'),
(301, 'Bomal', 'Belgium', '1367'),
(302, 'Bomal-sur-Ourthe', 'Belgium', '6941'),
(303, 'Bombaye', 'Belgium', '4607'),
(304, 'Bommershoven', 'Belgium', '3840'),
(305, 'Boncelles', 'Belgium', '4100'),
(306, 'Boneffe', 'Belgium', '5310'),
(307, 'Bonheiden', 'Belgium', '2820'),
(308, 'Boninne', 'Belgium', '5021'),
(309, 'Bonlez', 'Belgium', '1325'),
(310, 'Bonnert', 'Belgium', '6700'),
(311, 'Bonneville', 'Belgium', '5300'),
(312, 'Bon-Secours', 'Belgium', '7603'),
(313, 'Bonsin', 'Belgium', '5377'),
(314, 'Booischot', 'Belgium', '2221'),
(315, 'Booitshoeke', 'Belgium', '8630'),
(316, 'Boom', 'Belgium', '2850'),
(317, 'Boorsem', 'Belgium', '3631'),
(318, 'Boortmeerbeek', 'Belgium', '3190'),
(319, 'Borchtlombeek', 'Belgium', '1761'),
(320, 'Borgerhout', 'Belgium', '2140'),
(321, 'Borgloon', 'Belgium', '3840'),
(322, 'Borlez', 'Belgium', '4317'),
(323, 'Borlo', 'Belgium', '3891'),
(324, 'Borlon', 'Belgium', '6941'),
(325, 'Bornem', 'Belgium', '2880'),
(326, 'Bornival', 'Belgium', '1404'),
(327, 'Borsbeek', 'Belgium', '2150'),
(328, 'Borsbeke', 'Belgium', '9552'),
(329, 'Bossi?re', 'Belgium', '5032'),
(330, 'Bossuit', 'Belgium', '8583'),
(331, 'Bossut-Gottechain', 'Belgium', '1390'),
(332, 'Bost', 'Belgium', '3300'),
(333, 'Bothey', 'Belgium', '5032'),
(334, 'Bottelare', 'Belgium', '9820'),
(335, 'Bouffioulx', 'Belgium', '6200'),
(336, 'Bouge', 'Belgium', '5004'),
(337, 'Bougnies', 'Belgium', '7040'),
(338, 'Bouillon', 'Belgium', '6830'),
(339, 'Bourlers', 'Belgium', '6464'),
(340, 'Bourseigne-Neuve', 'Belgium', '5575'),
(341, 'Bourseigne-Vieille', 'Belgium', '5575'),
(342, 'Boussoit', 'Belgium', '7110'),
(343, 'Boussu', 'Belgium', '7300'),
(344, 'Boussu-en-Fagne', 'Belgium', '5660'),
(345, 'Boussu-lez-Walcourt', 'Belgium', '6440'),
(346, 'Bousval', 'Belgium', '1470'),
(347, 'Boutersem', 'Belgium', '3370'),
(348, 'Bouvignes-sur-Meuse', 'Belgium', '5500'),
(349, 'Bouvignies', 'Belgium', '7803'),
(350, 'Bouwel', 'Belgium', '2288'),
(351, 'Bovekerke', 'Belgium', '8680'),
(352, 'Bovelingen', 'Belgium', '3870'),
(353, 'Bovenistier', 'Belgium', '4300'),
(354, 'Bovesse', 'Belgium', '5081'),
(355, 'Bovigny', 'Belgium', '6671'),
(356, 'Bra', 'Belgium', '4990'),
(357, 'Braffe', 'Belgium', '7604'),
(358, 'Braibant', 'Belgium', '5590'),
(359, 'Braine-l''Alleud', 'Belgium', '1420'),
(360, 'Braine-le-Ch?teau', 'Belgium', '1440'),
(361, 'Braine-le-Comte', 'Belgium', '7090'),
(362, 'Braives', 'Belgium', '4260'),
(363, 'Brakel', 'Belgium', '9660'),
(364, 'Branchon', 'Belgium', '5310'),
(365, 'Bras', 'Belgium', '6800'),
(366, 'Brasmenil', 'Belgium', '7604'),
(367, 'Brasschaat', 'Belgium', '2930'),
(368, 'Bray', 'Belgium', '7130'),
(369, 'Brecht', 'Belgium', '2960'),
(370, 'Bredene', 'Belgium', '8450'),
(371, 'Bree', 'Belgium', '3960'),
(372, 'Breendonk', 'Belgium', '2870'),
(373, 'Bressoux', 'Belgium', '4020'),
(374, 'Brielen', 'Belgium', '8900'),
(375, 'Broechem', 'Belgium', '2520'),
(376, 'Broekom', 'Belgium', '3840'),
(377, 'Brucargo', 'Belgium', '1931'),
(378, 'Brugelette', 'Belgium', '7940'),
(379, 'Brugge', 'Belgium', '8000'),
(380, 'Br?ly', 'Belgium', '5660'),
(381, 'Br?ly-de-Pesche', 'Belgium', '5660'),
(382, 'Brunehaut', 'Belgium', '7620'),
(383, 'Brussegem', 'Belgium', '1785'),
(384, 'Brussel', 'Belgium', '1000'),
(385, 'Brussel', 'Belgium', '1120'),
(386, 'Brussel', 'Belgium', '1130'),
(387, 'Brussel', 'Belgium', '1140'),
(388, 'Brussel', 'Belgium', '1150'),
(389, 'Brussel', 'Belgium', '1160'),
(390, 'Brussel', 'Belgium', '1170'),
(391, 'Brussel', 'Belgium', '1180'),
(392, 'Brussel', 'Belgium', '1190'),
(393, 'Brussel', 'Belgium', '1020'),
(394, 'Brussel', 'Belgium', '1200'),
(395, 'Brussel', 'Belgium', '1210'),
(396, 'Brussel', 'Belgium', '1030'),
(397, 'Brussel', 'Belgium', '1040'),
(398, 'Brussel', 'Belgium', '1050'),
(399, 'Brussel', 'Belgium', '1060'),
(400, 'Brussel', 'Belgium', '1070'),
(401, 'Brussel', 'Belgium', '1080'),
(402, 'Brussel', 'Belgium', '1090'),
(403, 'Brustem', 'Belgium', '3800'),
(404, 'Bruxelles', 'Belgium', '1000'),
(405, 'Bruxelles', 'Belgium', '1120'),
(406, 'Bruxelles', 'Belgium', '1130'),
(407, 'Bruxelles', 'Belgium', '1140'),
(408, 'Bruxelles', 'Belgium', '1150'),
(409, 'Bruxelles', 'Belgium', '1160'),
(410, 'Bruxelles', 'Belgium', '1170'),
(411, 'Bruxelles', 'Belgium', '1180'),
(412, 'Bruxelles', 'Belgium', '1190'),
(413, 'Bruxelles', 'Belgium', '1020'),
(414, 'Bruxelles', 'Belgium', '1200'),
(415, 'Bruxelles', 'Belgium', '1210'),
(416, 'Bruxelles', 'Belgium', '1030'),
(417, 'Bruxelles', 'Belgium', '1040'),
(418, 'Bruxelles', 'Belgium', '1050'),
(419, 'Bruxelles', 'Belgium', '1060'),
(420, 'Bruxelles', 'Belgium', '1070'),
(421, 'Bruxelles', 'Belgium', '1080'),
(422, 'Bruxelles', 'Belgium', '1090'),
(423, 'Bruyelle', 'Belgium', '7641'),
(424, 'Brye', 'Belgium', '6222'),
(425, 'Budingen', 'Belgium', '3440'),
(426, 'Buggenhout', 'Belgium', '9255'),
(427, 'Buissenal', 'Belgium', '7911'),
(428, 'Buissonville', 'Belgium', '5580'),
(429, 'Buizingen', 'Belgium', '1501'),
(430, 'Buken', 'Belgium', '1910'),
(431, 'Bullange', 'Belgium', '4760'),
(432, 'B?llingen', 'Belgium', '4760'),
(433, 'Bulskamp', 'Belgium', '8630'),
(434, 'Bunsbeek', 'Belgium', '3380'),
(435, 'Burcht', 'Belgium', '2070'),
(436, 'Burdinne', 'Belgium', '4210'),
(437, 'Bure', 'Belgium', '6927'),
(438, 'Burg-Reuland', 'Belgium', '4790'),
(439, 'Burst', 'Belgium', '9420'),
(440, 'Bury', 'Belgium', '7602'),
(441, 'Butgenbach', 'Belgium', '4750'),
(442, 'B?tgenbach', 'Belgium', '4750'),
(443, 'Buvingen', 'Belgium', '3891'),
(444, 'Buvrinnes', 'Belgium', '7133'),
(445, 'Buzenol', 'Belgium', '6743'),
(446, 'Buzet', 'Belgium', '6230'),
(447, 'Callenelle', 'Belgium', '7604'),
(448, 'Calonne', 'Belgium', '7642'),
(449, 'Cambron-Casteau', 'Belgium', '7940'),
(450, 'Cambron-Saint-Vincent', 'Belgium', '7870'),
(451, 'Carlsbourg', 'Belgium', '6850'),
(452, 'Carni?res', 'Belgium', '7141'),
(453, 'Casteau', 'Belgium', '7020'),
(454, 'Casteau', 'Belgium', '7061'),
(455, 'Castillon', 'Belgium', '5650'),
(456, 'Celles', 'Belgium', '7760'),
(457, 'Celles', 'Belgium', '4317'),
(458, 'Celles', 'Belgium', '5561'),
(459, 'Cerexhe-Heuseux', 'Belgium', '4632'),
(460, 'Cerfontaine', 'Belgium', '5630'),
(461, 'C?roux-Mousty', 'Belgium', '1341'),
(462, 'Ch.-Notre-Dame-Louvignies', 'Belgium', '7063'),
(463, 'Chaineux', 'Belgium', '4650'),
(464, 'Chairi?re', 'Belgium', '5550'),
(465, 'Champion', 'Belgium', '5020'),
(466, 'Champlon', 'Belgium', '6971'),
(467, 'Chanly', 'Belgium', '6921'),
(468, 'Chantemelle', 'Belgium', '6742'),
(469, 'Chapelle-?-Oie', 'Belgium', '7903'),
(470, 'Chapelle-?-Wattines', 'Belgium', '7903'),
(471, 'Chapelle-lez-Herlaimont', 'Belgium', '7160'),
(472, 'Chapon-Seraing', 'Belgium', '4537'),
(473, 'Charleroi', 'Belgium', '6000'),
(474, 'Charneux', 'Belgium', '4654'),
(475, 'Chassepierre', 'Belgium', '6824'),
(476, 'Chastre', 'Belgium', '1450'),
(477, 'Chastr?s', 'Belgium', '5650'),
(478, 'Chastre-Villeroux-Blanmont', 'Belgium', '1450'),
(479, 'Ch?telet', 'Belgium', '6200'),
(480, 'Ch?telineau', 'Belgium', '6200'),
(481, 'Ch?tillon', 'Belgium', '6747'),
(482, 'Chaudfontaine', 'Belgium', '4050'),
(483, 'Chaumont-Gistoux', 'Belgium', '1325'),
(484, 'Ch?n?e', 'Belgium', '4032'),
(485, 'Cherain', 'Belgium', '6673'),
(486, 'Cheratte', 'Belgium', '4602'),
(487, 'Chercq', 'Belgium', '7521'),
(488, 'Chevetogne', 'Belgium', '5590'),
(489, 'Chevron', 'Belgium', '4987'),
(490, 'Chi?vres', 'Belgium', '7950'),
(491, 'Chimay', 'Belgium', '6460'),
(492, 'Chiny', 'Belgium', '6810'),
(493, 'Chokier', 'Belgium', '4400'),
(494, 'Ciergnon', 'Belgium', '5560'),
(495, 'Ciney', 'Belgium', '5590'),
(496, 'Ciplet', 'Belgium', '4260'),
(497, 'Ciply', 'Belgium', '7024'),
(498, 'Clabecq', 'Belgium', '1480'),
(499, 'Clavier', 'Belgium', '4560'),
(500, 'Clermont', 'Belgium', '4890'),
(501, 'Clermont', 'Belgium', '5650'),
(502, 'Clermont-sous-Huy', 'Belgium', '4480'),
(503, 'Cognel?e', 'Belgium', '5022'),
(504, 'Colfontaine', 'Belgium', '7340'),
(505, 'Comblain-au-Pont', 'Belgium', '4170'),
(506, 'Comblain-Fairon', 'Belgium', '4180'),
(507, 'Comblain-la-Tour', 'Belgium', '4180'),
(508, 'Comines', 'Belgium', '7780'),
(509, 'Comines-Warneton', 'Belgium', '7780'),
(510, 'Conneux', 'Belgium', '5590'),
(511, 'Corbais', 'Belgium', '1435'),
(512, 'Corbion', 'Belgium', '6838'),
(513, 'Cordes', 'Belgium', '7910'),
(514, 'Corenne', 'Belgium', '5620'),
(515, 'Cornesse', 'Belgium', '4860'),
(516, 'Cornimont', 'Belgium', '5555'),
(517, 'Corroy-le-Ch?teau', 'Belgium', '5032'),
(518, 'Corroy-le-Grand', 'Belgium', '1325'),
(519, 'Corswarem', 'Belgium', '4257'),
(520, 'Cortil-Noirmont', 'Belgium', '1450'),
(521, 'Cortil-Wodon', 'Belgium', '5380'),
(522, 'Couillet', 'Belgium', '6010'),
(523, 'Courcelles', 'Belgium', '6180'),
(524, 'Courri?re', 'Belgium', '5336'),
(525, 'Cour-sur-Heure', 'Belgium', '6120'),
(526, 'Court-Saint-Etienne', 'Belgium', '1490'),
(527, 'Couthuin', 'Belgium', '4218'),
(528, 'Coutisse', 'Belgium', '5300'),
(529, 'Couture-Saint-Germain', 'Belgium', '1380'),
(530, 'Couvin', 'Belgium', '5660'),
(531, 'Cras-Avernas', 'Belgium', '4280'),
(532, 'Crehen', 'Belgium', '4280'),
(533, 'Crisn?e', 'Belgium', '4367'),
(534, 'Croix-lez-Rouveroy', 'Belgium', '7120'),
(535, 'Crombach', 'Belgium', '4784'),
(536, 'Crupet', 'Belgium', '5332'),
(537, 'Cuesmes', 'Belgium', '7033'),
(538, 'Cugnon', 'Belgium', '6880'),
(539, 'Cul-des-Sarts', 'Belgium', '5660'),
(540, 'Custinne', 'Belgium', '5562'),
(541, 'Dadizele', 'Belgium', '8890'),
(542, 'Dailly', 'Belgium', '5660'),
(543, 'Daknam', 'Belgium', '9160'),
(544, 'Dalhem', 'Belgium', '4607'),
(545, 'Damme', 'Belgium', '8340'),
(546, 'Dampicourt', 'Belgium', '6767'),
(547, 'Dampremy', 'Belgium', '6020'),
(548, 'Darion', 'Belgium', '4253'),
(549, 'Daussois', 'Belgium', '5630'),
(550, 'Daussoulx', 'Belgium', '5020'),
(551, 'Dave', 'Belgium', '5100'),
(552, 'Daverdisse', 'Belgium', '6929'),
(553, 'De', 'Belgium', '8420'),
(554, 'De', 'Belgium', '9170'),
(555, 'De', 'Belgium', '8630'),
(556, 'De', 'Belgium', '8660'),
(557, 'De', 'Belgium', '9840'),
(558, 'Deerlijk', 'Belgium', '8540'),
(559, 'Deftinge', 'Belgium', '9570'),
(560, 'Deinze', 'Belgium', '9800'),
(561, 'Denderbelle', 'Belgium', '9280'),
(562, 'Denderhoutem', 'Belgium', '9450'),
(563, 'Denderleeuw', 'Belgium', '9470'),
(564, 'Dendermonde', 'Belgium', '9200'),
(565, 'Denderwindeke', 'Belgium', '9400'),
(566, 'Den?e', 'Belgium', '5537'),
(567, 'Dentergem', 'Belgium', '8720'),
(568, 'Dergneau', 'Belgium', '7912'),
(569, 'Dessel', 'Belgium', '2480'),
(570, 'Desselgem', 'Belgium', '8792'),
(571, 'Destelbergen', 'Belgium', '9070'),
(572, 'Deurle', 'Belgium', '9831'),
(573, 'Deurne', 'Belgium', '2100'),
(574, 'Deurne', 'Belgium', '3290'),
(575, 'Deux-Acren', 'Belgium', '7864'),
(576, 'Dhuy', 'Belgium', '5310'),
(577, 'Diegem', 'Belgium', '1831'),
(578, 'Diepenbeek', 'Belgium', '3590'),
(579, 'Diest', 'Belgium', '3290'),
(580, 'Diets-Heur', 'Belgium', '3700'),
(581, 'Dikkebus', 'Belgium', '8900'),
(582, 'Dikkele', 'Belgium', '9630'),
(583, 'Dikkelvenne', 'Belgium', '9890'),
(584, 'Diksmuide', 'Belgium', '8600'),
(585, 'Dilbeek', 'Belgium', '1700'),
(586, 'Dilsen', 'Belgium', '3650'),
(587, 'Dinant', 'Belgium', '5500'),
(588, 'Dion', 'Belgium', '5570'),
(589, 'Dion-Valmont', 'Belgium', '1325'),
(590, 'Dison', 'Belgium', '4820'),
(591, 'Dochamps', 'Belgium', '6960'),
(592, 'Doel', 'Belgium', '9130'),
(593, 'Dohan', 'Belgium', '6836'),
(594, 'Doische', 'Belgium', '5680'),
(595, 'Dolembreux', 'Belgium', '4140'),
(596, 'Donceel', 'Belgium', '4357'),
(597, 'Dongelberg', 'Belgium', '1370'),
(598, 'Donk', 'Belgium', '3540'),
(599, 'Donstiennes', 'Belgium', '6536'),
(600, 'Dorinne', 'Belgium', '5530'),
(601, 'Dormaal', 'Belgium', '3440'),
(602, 'Dottenijs', 'Belgium', '7711'),
(603, 'Dottignies', 'Belgium', '7711'),
(604, 'Dour', 'Belgium', '7370'),
(605, 'Dourbes', 'Belgium', '5670'),
(606, 'Dranouter', 'Belgium', '8951'),
(607, 'Dr?hance', 'Belgium', '5500'),
(608, 'Driekapellen', 'Belgium', '8600'),
(609, 'Drieslinter', 'Belgium', '3350'),
(610, 'Drogenbos', 'Belgium', '1620'),
(611, 'Drongen', 'Belgium', '9031'),
(612, 'Dudzele', 'Belgium', '8380'),
(613, 'Duffel', 'Belgium', '2570'),
(614, 'Duisburg', 'Belgium', '3080'),
(615, 'Duras', 'Belgium', '3803'),
(616, 'Durbuy', 'Belgium', '6940'),
(617, 'Durnal', 'Belgium', '5530'),
(618, 'Dworp', 'Belgium', '1653'),
(619, 'Eben-Emael', 'Belgium', '4690'),
(620, 'Ebly', 'Belgium', '6860'),
(621, 'Ecaussinnes', 'Belgium', '7190'),
(622, 'Ecaussinnes-d''Enghien', 'Belgium', '7190'),
(623, 'Ecaussinnes-Lalaing', 'Belgium', '7191'),
(624, 'Edegem', 'Belgium', '2650'),
(625, 'Edelare', 'Belgium', '9700'),
(626, 'Edingen', 'Belgium', '7850'),
(627, 'Eeklo', 'Belgium', '9900'),
(628, 'Eernegem', 'Belgium', '8480'),
(629, 'Egem', 'Belgium', '8740'),
(630, 'Eggewaartskapelle', 'Belgium', '8630'),
(631, 'Eghez?e', 'Belgium', '5310'),
(632, 'Ehein', 'Belgium', '4480'),
(633, 'Ehein', 'Belgium', '4120'),
(634, 'Eigenbilzen', 'Belgium', '3740'),
(635, 'Eindhout', 'Belgium', '2430'),
(636, 'Eine', 'Belgium', '9700'),
(637, 'Eisden', 'Belgium', '3630'),
(638, 'Eke', 'Belgium', '9810'),
(639, 'Ekeren', 'Belgium', '2180'),
(640, 'Eksaarde', 'Belgium', '9160'),
(641, 'Eksel', 'Belgium', '3941'),
(642, 'Elen', 'Belgium', '3650'),
(643, 'Elene', 'Belgium', '9620'),
(644, 'Elewijt', 'Belgium', '1982'),
(645, 'Eliksem', 'Belgium', '3400'),
(646, 'Elingen', 'Belgium', '1671'),
(647, 'Ellemelle', 'Belgium', '4590'),
(648, 'Ellezelles', 'Belgium', '7890'),
(649, 'Ellignies-lez-Frasnes', 'Belgium', '7910'),
(650, 'Ellignies-Sainte-Anne', 'Belgium', '7972'),
(651, 'Ellikom', 'Belgium', '3670'),
(652, 'Elouges', 'Belgium', '7370'),
(653, 'Elsegem', 'Belgium', '9790'),
(654, 'Elsenborn', 'Belgium', '4750'),
(655, 'Elsene', 'Belgium', '1050'),
(656, 'Elst', 'Belgium', '9660'),
(657, 'Elverdinge', 'Belgium', '8906'),
(658, 'Elversele', 'Belgium', '9140'),
(659, 'Emblem', 'Belgium', '2520'),
(660, 'Embourg', 'Belgium', '4053'),
(661, 'Emelgem', 'Belgium', '8870'),
(662, 'Emines', 'Belgium', '5080'),
(663, 'Emptinne', 'Belgium', '5363'),
(664, 'Ename', 'Belgium', '9700'),
(665, 'Engelmanshoven', 'Belgium', '3800'),
(666, 'Enghien', 'Belgium', '7850'),
(667, 'Engis', 'Belgium', '4480'),
(668, 'Enines', 'Belgium', '1350'),
(669, 'Ensival', 'Belgium', '4800'),
(670, 'Epinois', 'Belgium', '7134'),
(671, 'Eppegem', 'Belgium', '1980'),
(672, 'Eprave', 'Belgium', '5580'),
(673, 'Erbaut', 'Belgium', '7050'),
(674, 'Erbisoeul', 'Belgium', '7050'),
(675, 'Ere', 'Belgium', '7500'),
(676, 'Erembodegem', 'Belgium', '9320'),
(677, 'Erez?e', 'Belgium', '6997'),
(678, 'Ermeton-sur-Biert', 'Belgium', '5644'),
(679, 'Ernage', 'Belgium', '5030'),
(680, 'Erneuville', 'Belgium', '6972'),
(681, 'Ernonheid', 'Belgium', '4920'),
(682, 'Erondegem', 'Belgium', '9420'),
(683, 'Erpe', 'Belgium', '9420'),
(684, 'Erpe-Mere', 'Belgium', '9420'),
(685, 'Erpent', 'Belgium', '5101'),
(686, 'Erpion', 'Belgium', '6441'),
(687, 'Erps-kwerps', 'Belgium', '3071'),
(688, 'Erquelinnes', 'Belgium', '6560'),
(689, 'Erquennes', 'Belgium', '7387'),
(690, 'Ertvelde', 'Belgium', '9940'),
(691, 'Erwetegem', 'Belgium', '9620'),
(692, 'Escanaffles', 'Belgium', '7760'),
(693, 'Esen', 'Belgium', '8600'),
(694, 'Esneux', 'Belgium', '4130'),
(695, 'Espierres', 'Belgium', '8587'),
(696, 'Espierres-Helchin', 'Belgium', '8587'),
(697, 'Esplechin', 'Belgium', '7502'),
(698, 'Esquelmes', 'Belgium', '7743'),
(699, 'Essen', 'Belgium', '2910'),
(700, 'Essene', 'Belgium', '1790'),
(701, 'Estaimbourg', 'Belgium', '7730'),
(702, 'Estaimpuis', 'Belgium', '7730'),
(703, 'Estinnes', 'Belgium', '7120'),
(704, 'Estinnes-au-Mont', 'Belgium', '7120'),
(705, 'Estinnes-au-Val', 'Belgium', '7120'),
(706, 'Etalle', 'Belgium', '6740'),
(707, 'Ethe', 'Belgium', '6760'),
(708, 'Etikhove', 'Belgium', '9680'),
(709, 'Ettelgem', 'Belgium', '8460'),
(710, 'Etterbeek', 'Belgium', '1040'),
(711, 'Eugies', 'Belgium', '7340'),
(712, 'Eugies', 'Belgium', '7080'),
(713, 'Eupen', 'Belgium', '4700'),
(714, 'Evegn?e', 'Belgium', '4631'),
(715, 'Evelette', 'Belgium', '5350'),
(716, 'Everbeek', 'Belgium', '9660'),
(717, 'Everberg', 'Belgium', '3078'),
(718, 'Evere', 'Belgium', '1140'),
(719, 'Evergem', 'Belgium', '9940'),
(720, 'Evregnies', 'Belgium', '7730'),
(721, 'Evrehailles', 'Belgium', '5530'),
(722, 'Eynatten', 'Belgium', '4731'),
(723, 'Ezemaal', 'Belgium', '3400'),
(724, 'Fagnolle', 'Belgium', '5600'),
(725, 'Faimes', 'Belgium', '4317'),
(726, 'Fala?n', 'Belgium', '5522'),
(727, 'Falisolle', 'Belgium', '5060'),
(728, 'Fallais', 'Belgium', '4260'),
(729, 'Falmagne', 'Belgium', '5500'),
(730, 'Falmignoul', 'Belgium', '5500'),
(731, 'Familleureux', 'Belgium', '7181'),
(732, 'Farciennes', 'Belgium', '6240'),
(733, 'Faulx-les-Tombes', 'Belgium', '5340'),
(734, 'Fauroeulx', 'Belgium', '7120'),
(735, 'Fauvillers', 'Belgium', '6637'),
(736, 'Faymonville', 'Belgium', '4950'),
(737, 'Fays-les-Veneurs', 'Belgium', '6856'),
(738, 'Fayt-le-Franc', 'Belgium', '7387'),
(739, 'Fayt-lez-Manage', 'Belgium', '7170'),
(740, 'Felenne', 'Belgium', '5570'),
(741, 'Feluy', 'Belgium', '7181'),
(742, 'Feneur', 'Belgium', '4607'),
(743, 'Fernelmont', 'Belgium', '5380'),
(744, 'Ferri?res', 'Belgium', '4190'),
(745, 'Feschaux', 'Belgium', '5570'),
(746, 'Fexhe-le-Haut-Clocher', 'Belgium', '4347'),
(747, 'Fexhe-Slins', 'Belgium', '4458'),
(748, 'Filot', 'Belgium', '4181'),
(749, 'Finnevaux', 'Belgium', '5560'),
(750, 'Fize-Fontaine', 'Belgium', '4530'),
(751, 'Fize-le-Marsal', 'Belgium', '4367'),
(752, 'Flamierge', 'Belgium', '6686'),
(753, 'Flavion', 'Belgium', '5620'),
(754, 'Flawinne', 'Belgium', '5020'),
(755, 'Fl?malle', 'Belgium', '4400'),
(756, 'Fl?malle-Grande', 'Belgium', '4400'),
(757, 'Fl?malle-Haute', 'Belgium', '4400'),
(758, 'Fl?nu', 'Belgium', '7012'),
(759, 'Fl?ron', 'Belgium', '4620'),
(760, 'Fleurus', 'Belgium', '6220'),
(761, 'Flobecq', 'Belgium', '7880'),
(762, 'Fl?ne', 'Belgium', '4540'),
(763, 'Flor?e', 'Belgium', '5334'),
(764, 'Floreffe', 'Belgium', '5150'),
(765, 'Florennes', 'Belgium', '5620'),
(766, 'Florenville', 'Belgium', '6820'),
(767, 'Floriffoux', 'Belgium', '5150'),
(768, 'Flostoy', 'Belgium', '5370'),
(769, 'Focant', 'Belgium', '5572'),
(770, 'Folx-les-Caves', 'Belgium', '1350'),
(771, 'Fontaine-l''Ev?que', 'Belgium', '6140'),
(772, 'Fontaine-Valmont', 'Belgium', '6567'),
(773, 'Fontenelle', 'Belgium', '5650'),
(774, 'Fontenoille', 'Belgium', '6820'),
(775, 'Fontenoy', 'Belgium', '7643'),
(776, 'Fooz', 'Belgium', '4340'),
(777, 'Forchies-la-Marche', 'Belgium', '6141'),
(778, 'Forest', 'Belgium', '1190'),
(779, 'Forest', 'Belgium', '7910'),
(780, 'For?t', 'Belgium', '4870'),
(781, 'Forge-Philippe', 'Belgium', '6596'),
(782, 'Forges', 'Belgium', '6464'),
(783, 'Forri?res', 'Belgium', '6953'),
(784, 'Forville', 'Belgium', '5380'),
(785, 'Fosse', 'Belgium', '4980'),
(786, 'Fosses-la-Ville', 'Belgium', '5070'),
(787, 'Fouleng', 'Belgium', '7830'),
(788, 'Fourbechies', 'Belgium', '6440'),
(789, 'Fouron-le-Comte', 'Belgium', '3798'),
(790, 'Fourons', 'Belgium', '3790'),
(791, 'Fouron-Saint-Martin', 'Belgium', '3790'),
(792, 'Fouron-Saint-Pierre', 'Belgium', '3792'),
(793, 'Foy-Notre-Dame', 'Belgium', '5504'),
(794, 'Fraipont', 'Belgium', '4870'),
(795, 'Fraire', 'Belgium', '5650'),
(796, 'Fraiture', 'Belgium', '4557'),
(797, 'Frameries', 'Belgium', '7080'),
(798, 'Framont', 'Belgium', '6853'),
(799, 'Franchimont', 'Belgium', '5600'),
(800, 'Francorchamps', 'Belgium', '4970'),
(801, 'Franc-Waret', 'Belgium', '5380'),
(802, 'Frani?re', 'Belgium', '5150'),
(803, 'Frasnes', 'Belgium', '5660'),
(804, 'Frasnes-lez-Buissenal', 'Belgium', '7911'),
(805, 'Frasnes-lez-Gosselies', 'Belgium', '6210'),
(806, 'Freloux', 'Belgium', '4347'),
(807, 'Freux', 'Belgium', '6800'),
(808, 'Froidchapelle', 'Belgium', '6440'),
(809, 'Froidfontaine', 'Belgium', '5576'),
(810, 'Froidmont', 'Belgium', '7504'),
(811, 'Fronville', 'Belgium', '6990'),
(812, 'Froyennes', 'Belgium', '7503'),
(813, 'Fumal', 'Belgium', '4260'),
(814, 'Furfooz', 'Belgium', '5500'),
(815, 'Furnaux', 'Belgium', '5641'),
(816, 'Gaasbeek', 'Belgium', '1750'),
(817, 'Gages', 'Belgium', '7943'),
(818, 'Gallaix', 'Belgium', '7906'),
(819, 'Galmaarden', 'Belgium', '1570'),
(820, 'Ganshoren', 'Belgium', '1083'),
(821, 'Gaurain-Ramecroix', 'Belgium', '7530'),
(822, 'Gavere', 'Belgium', '9890'),
(823, 'Gedinne', 'Belgium', '5575'),
(824, 'Geel', 'Belgium', '2440'),
(825, 'Geer', 'Belgium', '4250'),
(826, 'Geest-G?rompont-Pt-Rosi?re', 'Belgium', '1367'),
(827, 'Geetbets', 'Belgium', '3450'),
(828, 'Gelbress?e', 'Belgium', '5024'),
(829, 'Gelinden', 'Belgium', '3800'),
(830, 'Gellik', 'Belgium', '3620'),
(831, 'Gelrode', 'Belgium', '3200'),
(832, 'Geluveld', 'Belgium', '8980'),
(833, 'Geluwe', 'Belgium', '8940'),
(834, 'Gembes', 'Belgium', '6929'),
(835, 'Gembloux', 'Belgium', '5030'),
(836, 'Gemmenich', 'Belgium', '4851'),
(837, 'Genappe', 'Belgium', '1470'),
(838, 'Genk', 'Belgium', '3600'),
(839, 'Genly', 'Belgium', '7040'),
(840, 'Genoelselderen', 'Belgium', '3770'),
(841, 'Gent', 'Belgium', '9000'),
(842, 'Gentbrugge', 'Belgium', '9050'),
(843, 'Gentinnes', 'Belgium', '1450'),
(844, 'Genval', 'Belgium', '1332'),
(845, 'Geraardsbergen', 'Belgium', '9500'),
(846, 'Gerdingen', 'Belgium', '3960'),
(847, 'Gerin', 'Belgium', '5524'),
(848, 'G?rompont', 'Belgium', '1367'),
(849, 'G?rouville', 'Belgium', '6769'),
(850, 'Gerpinnes', 'Belgium', '6280'),
(851, 'Gestel', 'Belgium', '2590'),
(852, 'Gesves', 'Belgium', '5340'),
(853, 'Ghislenghien', 'Belgium', '7822'),
(854, 'Ghlin', 'Belgium', '7011'),
(855, 'Ghoy', 'Belgium', '7863'),
(856, 'Gibecq', 'Belgium', '7823'),
(857, 'Gierle', 'Belgium', '2275'),
(858, 'Gijverinkhove', 'Belgium', '8691'),
(859, 'Gijzegem', 'Belgium', '9308'),
(860, 'Gijzelbrechtegem', 'Belgium', '8570'),
(861, 'Gijzenzele', 'Belgium', '9860'),
(862, 'Gilly', 'Belgium', '6060'),
(863, 'Gimn?e', 'Belgium', '5680'),
(864, 'Gingelom', 'Belgium', '3890'),
(865, 'Gistel', 'Belgium', '8470'),
(866, 'Gits', 'Belgium', '8830'),
(867, 'Givry', 'Belgium', '7041'),
(868, 'Glabais', 'Belgium', '1473'),
(869, 'Glabbeek(Zuurbemde)', 'Belgium', '3380'),
(870, 'Glain', 'Belgium', '4000'),
(871, 'Gleixhe', 'Belgium', '4400'),
(872, 'Glimes', 'Belgium', '1315'),
(873, 'Glons', 'Belgium', '4690'),
(874, 'Gochen?e', 'Belgium', '5680'),
(875, 'Godarville', 'Belgium', '7160'),
(876, 'Godinne', 'Belgium', '5530'),
(877, 'Godveerdegem', 'Belgium', '9620'),
(878, 'Go?', 'Belgium', '4834'),
(879, 'Goeferdinge', 'Belgium', '9500'),
(880, 'Goegnies-Chauss?e', 'Belgium', '7040'),
(881, 'Goesnes', 'Belgium', '5353'),
(882, 'Goetsenhoven', 'Belgium', '3300'),
(883, 'Gomze-Andoumont', 'Belgium', '4140'),
(884, 'Gondregnies', 'Belgium', '7830'),
(885, 'Gonrieux', 'Belgium', '5660'),
(886, 'Gontrode', 'Belgium', '9090'),
(887, 'Gooik', 'Belgium', '1755'),
(888, 'Gorsem', 'Belgium', '3803'),
(889, 'Gors-Opleeuw', 'Belgium', '3840'),
(890, 'Gosselies', 'Belgium', '6041'),
(891, 'Gotem', 'Belgium', '3840'),
(892, 'Gottem', 'Belgium', '9800'),
(893, 'Gottignies', 'Belgium', '7070'),
(894, 'Gougnies', 'Belgium', '6280'),
(895, 'Gourdinne', 'Belgium', '5651'),
(896, 'Goutroux', 'Belgium', '6030'),
(897, 'Gouvy', 'Belgium', '6670'),
(898, 'Gouy-lez-Pi?ton', 'Belgium', '6181'),
(899, 'Goz?e', 'Belgium', '6534'),
(900, 'Gr?ce-Berleur', 'Belgium', '4460'),
(901, 'Gr?ce-Hollogne', 'Belgium', '4460'),
(902, 'Graide', 'Belgium', '5555'),
(903, 'Grammene', 'Belgium', '9800'),
(904, 'Grand-Axhe', 'Belgium', '4300'),
(905, 'Grandglise', 'Belgium', '7973'),
(906, 'Grand-Hallet', 'Belgium', '4280'),
(907, 'Grand-Halleux', 'Belgium', '6698'),
(908, 'Grandhan', 'Belgium', '6940'),
(909, 'Grand-Leez', 'Belgium', '5031'),
(910, 'Grand-Manil', 'Belgium', '5030'),
(911, 'Grandmenil', 'Belgium', '6960'),
(912, 'Grandmetz', 'Belgium', '7900'),
(913, 'Grand-Rechain', 'Belgium', '4650'),
(914, 'Grand-Reng', 'Belgium', '6560'),
(915, 'Grandrieu', 'Belgium', '6470'),
(916, 'Grand-Rosi?re-Hottomont', 'Belgium', '1367'),
(917, 'Grandville', 'Belgium', '4360'),
(918, 'Grandvoir', 'Belgium', '6840'),
(919, 'Grapfontaine', 'Belgium', '6840'),
(920, 'Graty', 'Belgium', '7830'),
(921, 'Graux', 'Belgium', '5640'),
(922, 'Grazen', 'Belgium', '3450'),
(923, 'Grembergen', 'Belgium', '9200'),
(924, 'Grez-Doiceau', 'Belgium', '1390'),
(925, 'Grimbergen', 'Belgium', '1850'),
(926, 'Grimminge', 'Belgium', '9506'),
(927, 'Grivegn?e', 'Belgium', '4030'),
(928, 'Grobbendonk', 'Belgium', '2280'),
(929, 'Groot-Bijgaarden', 'Belgium', '1702'),
(930, 'Groot-Gelmen', 'Belgium', '3800'),
(931, 'Groot-Loon', 'Belgium', '3840'),
(932, 'Grosage', 'Belgium', '7950'),
(933, 'Gros-Fays', 'Belgium', '5555'),
(934, 'Grote-Brogel', 'Belgium', '3990'),
(935, 'Grotenberge', 'Belgium', '9620'),
(936, 'Grote-Spouwen', 'Belgium', '3740'),
(937, 'Gruitrode', 'Belgium', '3670'),
(938, 'Grune', 'Belgium', '6952'),
(939, 'Grupont', 'Belgium', '6927'),
(940, 'Guignies', 'Belgium', '7620'),
(941, 'Guigoven', 'Belgium', '3723'),
(942, 'Guirsch', 'Belgium', '6704'),
(943, 'Gullegem', 'Belgium', '8560'),
(944, 'Gutschoven', 'Belgium', '3870'),
(945, 'Haacht', 'Belgium', '3150'),
(946, 'Haaltert', 'Belgium', '9450'),
(947, 'Haasdonk', 'Belgium', '9120'),
(948, 'Haasrode', 'Belgium', '3053'),
(949, 'Habay', 'Belgium', '6720'),
(950, 'Habay-la-Neuve', 'Belgium', '6720'),
(951, 'Habay-la-Vieille', 'Belgium', '6723'),
(952, 'Habergy', 'Belgium', '6782'),
(953, 'Haccourt', 'Belgium', '4684'),
(954, 'Hachy', 'Belgium', '6720'),
(955, 'Hacquegnies', 'Belgium', '7911'),
(956, 'Haillot', 'Belgium', '5351'),
(957, 'Haine-Saint-Paul', 'Belgium', '7100'),
(958, 'Haine-Saint-Pierre', 'Belgium', '7100'),
(959, 'Hainin', 'Belgium', '7350'),
(960, 'Hakendover', 'Belgium', '3300'),
(961, 'Halanzy', 'Belgium', '6792'),
(962, 'Halen', 'Belgium', '3545'),
(963, 'Hallaar', 'Belgium', '2220'),
(964, 'Halle', 'Belgium', '1500'),
(965, 'Halle', 'Belgium', '2980'),
(966, 'Halle-Booienhoven', 'Belgium', '3440'),
(967, 'Halleux', 'Belgium', '6986'),
(968, 'Halma', 'Belgium', '6922'),
(969, 'Halmaal', 'Belgium', '3800'),
(970, 'Haltinne', 'Belgium', '5340'),
(971, 'Ham', 'Belgium', '3945'),
(972, 'Hamipr?', 'Belgium', '6840'),
(973, 'Hamme', 'Belgium', '1785'),
(974, 'Hamme', 'Belgium', '9220'),
(975, 'Hamme-Mille', 'Belgium', '1320'),
(976, 'Hamoir', 'Belgium', '4180'),
(977, 'Hamois', 'Belgium', '5360'),
(978, 'Hamont', 'Belgium', '3930'),
(979, 'Hamont-Achel', 'Belgium', '3930'),
(980, 'Hampteau', 'Belgium', '6990'),
(981, 'Ham-sur-Heure', 'Belgium', '6120'),
(982, 'Ham-sur-Heure/Nalinnes', 'Belgium', '6120'),
(983, 'Ham-sur-Sambre', 'Belgium', '5190'),
(984, 'Handzame', 'Belgium', '8610'),
(985, 'Haneffe', 'Belgium', '4357'),
(986, 'Hann?che', 'Belgium', '4210'),
(987, 'Hannut', 'Belgium', '4280'),
(988, 'Hanret', 'Belgium', '5310'),
(989, 'Hansbeke', 'Belgium', '9850'),
(990, 'Han-sur-Lesse', 'Belgium', '5580'),
(991, 'Hantes-Wih?ries', 'Belgium', '6560'),
(992, 'Hanzinelle', 'Belgium', '5621'),
(993, 'Hanzinne', 'Belgium', '5621'),
(994, 'Harchies', 'Belgium', '7321'),
(995, 'Harelbeke', 'Belgium', '8530'),
(996, 'Haren', 'Belgium', '3840'),
(997, 'Haren', 'Belgium', '3700'),
(998, 'Hargimont', 'Belgium', '6900'),
(999, 'Harmignies', 'Belgium', '7022'),
(1000, 'Harnoncourt', 'Belgium', '6767'),
(1001, 'Harre', 'Belgium', '6960'),
(1002, 'Harsin', 'Belgium', '6950'),
(1003, 'Harveng', 'Belgium', '7022'),
(1004, 'Harz?', 'Belgium', '4920'),
(1005, 'Hasselt', 'Belgium', '3500'),
(1006, 'Hasti?re', 'Belgium', '5540'),
(1007, 'Hasti?re-Lavaux', 'Belgium', '5540'),
(1008, 'Hasti?re-par-Del?', 'Belgium', '5541'),
(1009, 'Hatrival', 'Belgium', '6870'),
(1010, 'Haulchin', 'Belgium', '7120'),
(1011, 'Hauset', 'Belgium', '4730'),
(1012, 'Haut-Fays', 'Belgium', '6929'),
(1013, 'Haut-Ittre', 'Belgium', '1461'),
(1014, 'Haut-le-Wastia', 'Belgium', '5537'),
(1015, 'Hautrage', 'Belgium', '7334'),
(1016, 'Havay', 'Belgium', '7041'),
(1017, 'Havelange', 'Belgium', '5370'),
(1018, 'Haversin', 'Belgium', '5590'),
(1019, 'Havinnes', 'Belgium', '7531'),
(1020, 'Havr?', 'Belgium', '7021'),
(1021, 'Hechtel', 'Belgium', '3940'),
(1022, 'Heer', 'Belgium', '5543'),
(1023, 'Heers', 'Belgium', '3870'),
(1024, 'Hees', 'Belgium', '3740'),
(1025, 'Heestert', 'Belgium', '8551'),
(1026, 'Heffen', 'Belgium', '2801'),
(1027, 'Heikruis', 'Belgium', '1670'),
(1028, 'Heindonk', 'Belgium', '2830'),
(1029, 'Heinsch', 'Belgium', '6700'),
(1030, 'Heist-aan-Zee', 'Belgium', '8301'),
(1031, 'Heist-Op-Den-Berg', 'Belgium', '2220'),
(1032, 'Hekelgem', 'Belgium', '1790'),
(1033, 'Heks', 'Belgium', '3870'),
(1034, 'Helchin', 'Belgium', '8587'),
(1035, 'Helchteren', 'Belgium', '3530'),
(1036, 'Heldergem', 'Belgium', '9450'),
(1037, 'H?l?cine', 'Belgium', '1357'),
(1038, 'Helen-Bos', 'Belgium', '3440'),
(1039, 'Helkijn', 'Belgium', '8587'),
(1040, 'Hellebecq', 'Belgium', '7830'),
(1041, 'Hemelveerdegem', 'Belgium', '9571'),
(1042, 'Hemiksem', 'Belgium', '2620'),
(1043, 'Hemptinne', 'Belgium', '5380'),
(1044, 'Hemptinne-lez-Florennes', 'Belgium', '5620'),
(1045, 'Hendrieken', 'Belgium', '3840'),
(1046, 'Henis', 'Belgium', '3700'),
(1047, 'Hennuy?res', 'Belgium', '7090'),
(1048, 'Henri-Chapelle', 'Belgium', '4841'),
(1049, 'Henripont', 'Belgium', '7090'),
(1050, 'Hensies', 'Belgium', '7350'),
(1051, 'Heppen', 'Belgium', '3971'),
(1052, 'Heppenbach', 'Belgium', '4771'),
(1053, 'Heppignies', 'Belgium', '6220'),
(1054, 'Herbeumont', 'Belgium', '6887'),
(1055, 'Herchies', 'Belgium', '7050'),
(1056, 'Herderen', 'Belgium', '3770'),
(1057, 'Herdersem', 'Belgium', '9310'),
(1058, 'Herent', 'Belgium', '3020'),
(1059, 'Herentals', 'Belgium', '2200'),
(1060, 'Herenthout', 'Belgium', '2270'),
(1061, 'Herfelingen', 'Belgium', '1540'),
(1062, 'Hergenrath', 'Belgium', '4728'),
(1063, 'H?rinnes-lez-Pecq', 'Belgium', '7742'),
(1064, 'Herk-de-Stad', 'Belgium', '3540'),
(1065, 'Hermalle-sous-Argenteau', 'Belgium', '4681'),
(1066, 'Hermalle-sous-Huy', 'Belgium', '4480'),
(1067, 'Herm?e', 'Belgium', '4680'),
(1068, 'Hermeton-sur-Meuse', 'Belgium', '5540'),
(1069, 'Herne', 'Belgium', '1540'),
(1070, 'H?ron', 'Belgium', '4217'),
(1071, 'Herquegies', 'Belgium', '7911'),
(1072, 'Herseaux', 'Belgium', '7712'),
(1073, 'Herselt', 'Belgium', '2230'),
(1074, 'Herstal', 'Belgium', '4040'),
(1075, 'Herstappe', 'Belgium', '3717'),
(1076, 'Hertain', 'Belgium', '7522'),
(1077, 'Herten', 'Belgium', '3831'),
(1078, 'Hertsberge', 'Belgium', '8020'),
(1079, 'Herve', 'Belgium', '4650'),
(1080, 'Herzele', 'Belgium', '9550'),
(1081, 'Heule', 'Belgium', '8501'),
(1082, 'Heure', 'Belgium', '5377'),
(1083, 'Heure-le-Romain', 'Belgium', '4682'),
(1084, 'Heurne', 'Belgium', '9700'),
(1085, 'Heusden', 'Belgium', '3550'),
(1086, 'Heusden', 'Belgium', '9070'),
(1087, 'Heusden-Zolder', 'Belgium', '3550'),
(1088, 'Heusy', 'Belgium', '4802'),
(1089, 'Hever', 'Belgium', '3191'),
(1090, 'Heverlee', 'Belgium', '3001'),
(1091, 'H?villers', 'Belgium', '1435'),
(1092, 'Heyd', 'Belgium', '6941'),
(1093, 'Hillegem', 'Belgium', '9550'),
(1094, 'Hingene', 'Belgium', '2880'),
(1095, 'Hingeon', 'Belgium', '5380'),
(1096, 'Hives', 'Belgium', '6984'),
(1097, 'Hoboken', 'Belgium', '2660'),
(1098, 'Hodeige', 'Belgium', '4351'),
(1099, 'Hodister', 'Belgium', '6987'),
(1100, 'Hody', 'Belgium', '4162'),
(1101, 'Hoegaarden', 'Belgium', '3320'),
(1102, 'Hoeilaart', 'Belgium', '1560'),
(1103, 'Hoeke', 'Belgium', '8340'),
(1104, 'Hoelbeek', 'Belgium', '3746'),
(1105, 'Hoeleden', 'Belgium', '3471'),
(1106, 'Hoepertingen', 'Belgium', '3840'),
(1107, 'Hoeselt', 'Belgium', '3730'),
(1108, 'Hoevenen', 'Belgium', '2940'),
(1109, 'Hofstade', 'Belgium', '1981'),
(1110, 'Hofstade', 'Belgium', '9308'),
(1111, 'Hogne', 'Belgium', '5377'),
(1112, 'Hognoul', 'Belgium', '4342'),
(1113, 'Hollain', 'Belgium', '7620'),
(1114, 'Hollange', 'Belgium', '6637'),
(1115, 'Hollebeke', 'Belgium', '8902'),
(1116, 'Hollogne-aux-Pierres', 'Belgium', '4460'),
(1117, 'Hollogne-sur-Geer', 'Belgium', '4250'),
(1118, 'Holsbeek', 'Belgium', '3220'),
(1119, 'Hombeek', 'Belgium', '2811'),
(1120, 'Hombourg', 'Belgium', '4852'),
(1121, 'Hompr?', 'Belgium', '6640'),
(1122, 'Hondelange', 'Belgium', '6780'),
(1123, 'Honnay', 'Belgium', '5570'),
(1124, 'Honnelles', 'Belgium', '7387'),
(1125, 'Hooglede', 'Belgium', '8830'),
(1126, 'Hoogstade', 'Belgium', '8690'),
(1127, 'Hoogstraten', 'Belgium', '2320'),
(1128, 'Horebeke', 'Belgium', '9667'),
(1129, 'Horion-Hoz?mont', 'Belgium', '4460'),
(1130, 'Hornu', 'Belgium', '7301'),
(1131, 'Horpmaal', 'Belgium', '3870'),
(1132, 'Horrues', 'Belgium', '7060'),
(1133, 'Hotton', 'Belgium', '6990'),
(1134, 'Houdemont', 'Belgium', '6724'),
(1135, 'Houdeng-Aimeries', 'Belgium', '7110'),
(1136, 'Houdeng-Goegnies', 'Belgium', '7110'),
(1137, 'Houdremont', 'Belgium', '5575'),
(1138, 'Houffalize', 'Belgium', '6660'),
(1139, 'Hour', 'Belgium', '5563'),
(1140, 'Housse', 'Belgium', '4671'),
(1141, 'Houtaing', 'Belgium', '7812'),
(1142, 'Houtain-le-Val', 'Belgium', '1476'),
(1143, 'Houtain-Saint-Sim?on', 'Belgium', '4682'),
(1144, 'Houtave', 'Belgium', '8377'),
(1145, 'Houtem', 'Belgium', '8630'),
(1146, 'Houthalen', 'Belgium', '3530'),
(1147, 'Houthalen-Helchteren', 'Belgium', '3530'),
(1148, 'Houthem', 'Belgium', '7781'),
(1149, 'Houthulst', 'Belgium', '8650'),
(1150, 'Houtvenne', 'Belgium', '2235'),
(1151, 'Houwaart', 'Belgium', '3390'),
(1152, 'Houx', 'Belgium', '5530'),
(1153, 'Houyet', 'Belgium', '5560'),
(1154, 'Hove', 'Belgium', '2540'),
(1155, 'Hoves', 'Belgium', '7830'),
(1156, 'Howardries', 'Belgium', '7624'),
(1157, 'Huccorgne', 'Belgium', '4520'),
(1158, 'Huise', 'Belgium', '9750'),
(1159, 'Huissignies', 'Belgium', '7950'),
(1160, 'Huizingen', 'Belgium', '1654'),
(1161, 'Huldenberg', 'Belgium', '3040'),
(1162, 'Hulshout', 'Belgium', '2235'),
(1163, 'Hulsonniaux', 'Belgium', '5560'),
(1164, 'Hulste', 'Belgium', '8531'),
(1165, 'Humain', 'Belgium', '6900'),
(1166, 'Humbeek', 'Belgium', '1851'),
(1167, 'Hundelgem', 'Belgium', '9630'),
(1168, 'Huppaye', 'Belgium', '1367'),
(1169, 'Huy', 'Belgium', '4500'),
(1170, 'Hyon', 'Belgium', '7022'),
(1171, 'Ichtegem', 'Belgium', '8480'),
(1172, 'Iddergem', 'Belgium', '9472'),
(1173, 'Idegem', 'Belgium', '9506'),
(1174, 'Ieper', 'Belgium', '8900'),
(1175, 'Impe', 'Belgium', '9340'),
(1176, 'Incourt', 'Belgium', '1315'),
(1177, 'Ingelmunster', 'Belgium', '8770'),
(1178, 'Ingooigem', 'Belgium', '8570'),
(1179, 'Irchonwelz', 'Belgium', '7801'),
(1180, 'Isi?res', 'Belgium', '7822'),
(1181, 'Isnes', 'Belgium', '5032'),
(1182, 'Itegem', 'Belgium', '2222'),
(1183, 'Itterbeek', 'Belgium', '1701'),
(1184, 'Ittre', 'Belgium', '1460'),
(1185, 'Ivoz-Ramet', 'Belgium', '4400'),
(1186, 'Ixelles', 'Belgium', '1050'),
(1187, 'Izegem', 'Belgium', '8870'),
(1188, 'Izel', 'Belgium', '6810'),
(1189, 'Izenberge', 'Belgium', '8691'),
(1190, 'Izier', 'Belgium', '6941'),
(1191, 'Jabbeke', 'Belgium', '8490'),
(1192, 'Jalhay', 'Belgium', '4845'),
(1193, 'Jallet', 'Belgium', '5354'),
(1194, 'Jamagne', 'Belgium', '5600'),
(1195, 'Jambes', 'Belgium', '5100'),
(1196, 'Jamiolle', 'Belgium', '5600'),
(1197, 'Jamioulx', 'Belgium', '6120'),
(1198, 'Jamoigne', 'Belgium', '6810'),
(1199, 'Jandrain-Jandrenouille', 'Belgium', '1350'),
(1200, 'Jauche', 'Belgium', '1350'),
(1201, 'Jauchelette', 'Belgium', '1370'),
(1202, 'Javingue', 'Belgium', '5570'),
(1203, 'Jehay', 'Belgium', '4540'),
(1204, 'Jehonville', 'Belgium', '6880'),
(1205, 'Jemappes', 'Belgium', '7012'),
(1206, 'Jemelle', 'Belgium', '5580'),
(1207, 'Jemeppe-sur-Meuse', 'Belgium', '4101'),
(1208, 'Jemeppe-sur-Sambre', 'Belgium', '5190'),
(1209, 'Jeneffe', 'Belgium', '4357'),
(1210, 'Jeneffe', 'Belgium', '5370'),
(1211, 'Jesseren', 'Belgium', '3840'),
(1212, 'Jette', 'Belgium', '1090'),
(1213, 'Jeuk', 'Belgium', '3890'),
(1214, 'Jodoigne', 'Belgium', '1370'),
(1215, 'Jodoigne-Souveraine', 'Belgium', '1370'),
(1216, 'Jollain-Merlin', 'Belgium', '7620'),
(1217, 'Joncret', 'Belgium', '6280'),
(1218, 'Jul?mont', 'Belgium', '4650'),
(1219, 'Jumet', 'Belgium', '6040'),
(1220, 'Jupille-sur-Meuse', 'Belgium', '4020'),
(1221, 'Juprelle', 'Belgium', '4450'),
(1222, 'Jurbise', 'Belgium', '7050'),
(1223, 'Juseret', 'Belgium', '6642'),
(1224, 'Kaaskerke', 'Belgium', '8600'),
(1225, 'Kachtem', 'Belgium', '8870'),
(1226, 'Kaggevinne', 'Belgium', '3293'),
(1227, 'Kain', 'Belgium', '7540'),
(1228, 'Kalken', 'Belgium', '9270'),
(1229, 'Kallo', 'Belgium', '9120'),
(1230, 'Kallo', 'Belgium', '9130'),
(1231, 'Kalmthout', 'Belgium', '2920'),
(1232, 'Kampenhout', 'Belgium', '1910'),
(1233, 'Kanegem', 'Belgium', '8700'),
(1234, 'Kanne', 'Belgium', '3770'),
(1235, 'Kapellen', 'Belgium', '2950'),
(1236, 'Kapellen', 'Belgium', '3381'),
(1237, 'Kapelle-op-den-Bos', 'Belgium', '1880'),
(1238, 'Kaprijke', 'Belgium', '9970'),
(1239, 'Kaster', 'Belgium', '8572'),
(1240, 'Kasterlee', 'Belgium', '2460'),
(1241, 'Kaulille', 'Belgium', '3950'),
(1242, 'Keerbergen', 'Belgium', '3140'),
(1243, 'Keiem', 'Belgium', '8600'),
(1244, 'Kelmis', 'Belgium', '4720'),
(1245, 'Kemexhe', 'Belgium', '4367'),
(1246, 'Kemmel', 'Belgium', '8956'),
(1247, 'Kemzeke', 'Belgium', '9190'),
(1248, 'Kerkhove', 'Belgium', '8581'),
(1249, 'Kerkom', 'Belgium', '3370'),
(1250, 'Kerkom-bij-Sint-Truiden', 'Belgium', '3800'),
(1251, 'Kerksken', 'Belgium', '9451'),
(1252, 'Kermt', 'Belgium', '3510'),
(1253, 'Kerniel', 'Belgium', '3840'),
(1254, 'Kersbeek-Miskom', 'Belgium', '3472'),
(1255, 'Kessel', 'Belgium', '2560'),
(1256, 'Kessel-Lo', 'Belgium', '3010'),
(1257, 'Kessenich', 'Belgium', '3640'),
(1258, 'Kester', 'Belgium', '1755'),
(1259, 'Kettenis', 'Belgium', '4701'),
(1260, 'Keumi?e', 'Belgium', '5060'),
(1261, 'Kieldrecht', 'Belgium', '9130'),
(1262, 'Kinrooi', 'Belgium', '3640'),
(1263, 'Kleine-Brogel', 'Belgium', '3990'),
(1264, 'Kleine-Spouwen', 'Belgium', '3740'),
(1265, 'Klein-Gelmen', 'Belgium', '3870'),
(1266, 'Klemskerke', 'Belgium', '8420'),
(1267, 'Klerken', 'Belgium', '8650'),
(1268, 'Kluisbergen', 'Belgium', '9690'),
(1269, 'Kluizen', 'Belgium', '9940'),
(1270, 'Knesselare', 'Belgium', '9910'),
(1271, 'Knokke', 'Belgium', '8300'),
(1272, 'Knokke-Heist', 'Belgium', '8300'),
(1273, 'Kobbegem', 'Belgium', '1730'),
(1274, 'Koekelare', 'Belgium', '8680'),
(1275, 'Koekelberg', 'Belgium', '1081'),
(1276, 'Koersel', 'Belgium', '3582'),
(1277, 'Koksijde', 'Belgium', '8670'),
(1278, 'Kolmont', 'Belgium', '3840'),
(1279, 'Kolmont', 'Belgium', '3700'),
(1280, 'Komen', 'Belgium', '7780'),
(1281, 'Komen-Waasten', 'Belgium', '7780'),
(1282, 'Koningshooikt', 'Belgium', '2500'),
(1283, 'Koninksem', 'Belgium', '3700'),
(1284, 'Kontich', 'Belgium', '2550'),
(1285, 'Kooigem', 'Belgium', '8510'),
(1286, 'Koolkerke', 'Belgium', '8000'),
(1287, 'Koolskamp', 'Belgium', '8851'),
(1288, 'Korbeek-Dijle', 'Belgium', '3060'),
(1289, 'Korbeek-Lo', 'Belgium', '3360'),
(1290, 'Kortemark', 'Belgium', '8610'),
(1291, 'Kortenaken', 'Belgium', '3470'),
(1292, 'Kortenberg', 'Belgium', '3070'),
(1293, 'Kortessem', 'Belgium', '3720'),
(1294, 'Kortijs', 'Belgium', '3890'),
(1295, 'Kortrijk', 'Belgium', '8500'),
(1296, 'Kortrijk-Dutsel', 'Belgium', '3220'),
(1297, 'Kozen', 'Belgium', '3850'),
(1298, 'Kraainem', 'Belgium', '1950'),
(1299, 'Krombeke', 'Belgium', '8972'),
(1300, 'Kruibeke', 'Belgium', '9150'),
(1301, 'Kruishoutem', 'Belgium', '9770'),
(1302, 'Kumtich', 'Belgium', '3300'),
(1303, 'Kuringen', 'Belgium', '3511'),
(1304, 'Kuttekoven', 'Belgium', '3840'),
(1305, 'Kuurne', 'Belgium', '8520'),
(1306, 'Kwaadmechelen', 'Belgium', '3945'),
(1307, 'Kwaremont', 'Belgium', '9690'),
(1308, 'La', 'Belgium', '7080'),
(1309, 'La', 'Belgium', '4720'),
(1310, 'La', 'Belgium', '7611'),
(1311, 'La', 'Belgium', '4987'),
(1312, 'La', 'Belgium', '7170'),
(1313, 'La', 'Belgium', '1310'),
(1314, 'La', 'Belgium', '7100'),
(1315, 'La', 'Belgium', '4910'),
(1316, 'La', 'Belgium', '6980'),
(1317, 'Laar', 'Belgium', '3400'),
(1318, 'Laarne', 'Belgium', '9270'),
(1319, 'Labuissi?re', 'Belgium', '6567'),
(1320, 'Lacuisine', 'Belgium', '6821'),
(1321, 'Ladeuze', 'Belgium', '7950'),
(1322, 'Laeken', 'Belgium', '1020'),
(1323, 'Lafor?t', 'Belgium', '5550'),
(1324, 'Lahamaide', 'Belgium', '7890'),
(1325, 'Lamain', 'Belgium', '7522'),
(1326, 'Lambermont', 'Belgium', '4800'),
(1327, 'Lambusart', 'Belgium', '6220'),
(1328, 'Lamine', 'Belgium', '4350'),
(1329, 'Lamontz?e', 'Belgium', '4210'),
(1330, 'Lamorteau', 'Belgium', '6767'),
(1331, 'Lampernisse', 'Belgium', '8600'),
(1332, 'Lanaken', 'Belgium', '3620'),
(1333, 'Lanaye', 'Belgium', '4600'),
(1334, 'Landegem', 'Belgium', '9850'),
(1335, 'Landelies', 'Belgium', '6111'),
(1336, 'Landen', 'Belgium', '3400'),
(1337, 'Landenne', 'Belgium', '5300'),
(1338, 'Landskouter', 'Belgium', '9860'),
(1339, 'Laneffe', 'Belgium', '5651'),
(1340, 'Langdorp', 'Belgium', '3201'),
(1341, 'Langemark', 'Belgium', '8920'),
(1342, 'Langemark-Poelkapelle', 'Belgium', '8920'),
(1343, 'Lanklaar', 'Belgium', '3650'),
(1344, 'Lanquesaint', 'Belgium', '7800'),
(1345, 'Lantin', 'Belgium', '4450'),
(1346, 'Lantremange', 'Belgium', '4300'),
(1347, 'Laplaigne', 'Belgium', '7622'),
(1348, 'Lapscheure', 'Belgium', '8340'),
(1349, 'Lasne', 'Belgium', '1380'),
(1350, 'Lasne-Chapelle-St-Lambert', 'Belgium', '1380'),
(1351, 'Lathuy', 'Belgium', '1370'),
(1352, 'Latinne', 'Belgium', '4261'),
(1353, 'Latour', 'Belgium', '6761'),
(1354, 'Lauw', 'Belgium', '3700'),
(1355, 'Lauwe', 'Belgium', '8930'),
(1356, 'Lavacherie', 'Belgium', '6681'),
(1357, 'Lavaux-Sainte-Anne', 'Belgium', '5580'),
(1358, 'Lavoir', 'Belgium', '4217'),
(1359, 'Le', 'Belgium', '5670');
INSERT INTO `domicile` (`ID`, `CITY`, `COUNTRY`, `POSTALCODE`) VALUES
(1360, 'Le', 'Belgium', '7070'),
(1361, 'Le', 'Belgium', '5070'),
(1362, 'Lebbeke', 'Belgium', '9280'),
(1363, 'L''Ecluse', 'Belgium', '1320'),
(1364, 'Lede', 'Belgium', '9340'),
(1365, 'Ledeberg', 'Belgium', '9050'),
(1366, 'Ledegem', 'Belgium', '8880'),
(1367, 'Leefdaal', 'Belgium', '3061'),
(1368, 'Leerbeek', 'Belgium', '1755'),
(1369, 'Leernes', 'Belgium', '6142'),
(1370, 'Leers-et-Fosteau', 'Belgium', '6530'),
(1371, 'Leers-Nord', 'Belgium', '7730'),
(1372, 'Leest', 'Belgium', '2811'),
(1373, 'Leeuwergem', 'Belgium', '9620'),
(1374, 'Leffinge', 'Belgium', '8432'),
(1375, 'L?glise', 'Belgium', '6860'),
(1376, 'Leignon', 'Belgium', '5590'),
(1377, 'Leisele', 'Belgium', '8691'),
(1378, 'Leke', 'Belgium', '8600'),
(1379, 'Lembeek', 'Belgium', '1502'),
(1380, 'Lembeke', 'Belgium', '9971'),
(1381, 'Lemberge', 'Belgium', '9820'),
(1382, 'Lendelede', 'Belgium', '8860'),
(1383, 'Lennik', 'Belgium', '1750'),
(1384, 'Lens', 'Belgium', '7870'),
(1385, 'Lens-Saint-Remy', 'Belgium', '4280'),
(1386, 'Lens-Saint-Servais', 'Belgium', '4250'),
(1387, 'Lens-sur-Geer', 'Belgium', '4360'),
(1388, 'Leopoldsburg', 'Belgium', '3970'),
(1389, 'Les', 'Belgium', '4560'),
(1390, 'Les', 'Belgium', '6811'),
(1391, 'Les', 'Belgium', '6830'),
(1392, 'Les', 'Belgium', '4317'),
(1393, 'L''Escaill?re', 'Belgium', '6464'),
(1394, 'Lesdain', 'Belgium', '7621'),
(1395, 'Lessines', 'Belgium', '7860'),
(1396, 'Lessive', 'Belgium', '5580'),
(1397, 'Lesterny', 'Belgium', '6953'),
(1398, 'Lesve', 'Belgium', '5170'),
(1399, 'Lettelingen', 'Belgium', '7850'),
(1400, 'Letterhoutem', 'Belgium', '9521'),
(1401, 'Leugnies', 'Belgium', '6500'),
(1402, 'Leupegem', 'Belgium', '9700'),
(1403, 'Leut', 'Belgium', '3630'),
(1404, 'Leuven', 'Belgium', '3000'),
(1405, 'Leuze', 'Belgium', '5310'),
(1406, 'Leuze-en-Hainaut', 'Belgium', '7900'),
(1407, 'Leval-Chaudeville', 'Belgium', '6500'),
(1408, 'Leval-Trahegnies', 'Belgium', '7134'),
(1409, 'Liberchies', 'Belgium', '6238'),
(1410, 'Libin', 'Belgium', '6890'),
(1411, 'Libramont-Chevigny', 'Belgium', '6800'),
(1412, 'Lichtaart', 'Belgium', '2460'),
(1413, 'Lichtervelde', 'Belgium', '8810'),
(1414, 'Liedekerke', 'Belgium', '1770'),
(1415, 'Lieferinge', 'Belgium', '9400'),
(1416, 'Li?ge', 'Belgium', '4000'),
(1417, 'Li?ge', 'Belgium', '4020'),
(1418, 'Lier', 'Belgium', '2500'),
(1419, 'Lierde', 'Belgium', '9570'),
(1420, 'Lierneux', 'Belgium', '4990'),
(1421, 'Liernu', 'Belgium', '5310'),
(1422, 'Liers', 'Belgium', '4042'),
(1423, 'Liezele', 'Belgium', '2870'),
(1424, 'Ligne', 'Belgium', '7812'),
(1425, 'Ligney', 'Belgium', '4254'),
(1426, 'Ligny', 'Belgium', '5140'),
(1427, 'Lille', 'Belgium', '2275'),
(1428, 'Lillo', 'Belgium', '2040'),
(1429, 'Lillois-Witterz?e', 'Belgium', '1428'),
(1430, 'Limal', 'Belgium', '1300'),
(1431, 'Limbourg', 'Belgium', '4830'),
(1432, 'Limelette', 'Belgium', '1342'),
(1433, 'Limerl?', 'Belgium', '6670'),
(1434, 'Limont', 'Belgium', '4357'),
(1435, 'Lincent', 'Belgium', '4287'),
(1436, 'Linden', 'Belgium', '3210'),
(1437, 'Linkebeek', 'Belgium', '1630'),
(1438, 'Linkhout', 'Belgium', '3560'),
(1439, 'Linsmeau', 'Belgium', '1357'),
(1440, 'Lint', 'Belgium', '2547'),
(1441, 'Linter', 'Belgium', '3350'),
(1442, 'Lippelo', 'Belgium', '2890'),
(1443, 'Lisogne', 'Belgium', '5501'),
(1444, 'Lissewege', 'Belgium', '8380'),
(1445, 'Lives-sur-Meuse', 'Belgium', '5101'),
(1446, 'Lixhe', 'Belgium', '4600'),
(1447, 'Lo', 'Belgium', '8647'),
(1448, 'Lobbes', 'Belgium', '6540'),
(1449, 'Lochristi', 'Belgium', '9080'),
(1450, 'Lodelinsart', 'Belgium', '6042'),
(1451, 'Loenhout', 'Belgium', '2990'),
(1452, 'Loker', 'Belgium', '8958'),
(1453, 'Lokeren', 'Belgium', '9160'),
(1454, 'Loksbergen', 'Belgium', '3545'),
(1455, 'Lombardsijde', 'Belgium', '8434'),
(1456, 'Lombise', 'Belgium', '7870'),
(1457, 'Lommel', 'Belgium', '3920'),
(1458, 'Lommersweiler', 'Belgium', '4783'),
(1459, 'Lompret', 'Belgium', '6463'),
(1460, 'Lomprez', 'Belgium', '6924'),
(1461, 'Loncin', 'Belgium', '4431'),
(1462, 'Londerzeel', 'Belgium', '1840'),
(1463, 'Longchamps', 'Belgium', '6688'),
(1464, 'Longchamps', 'Belgium', '5310'),
(1465, 'Longlier', 'Belgium', '6840'),
(1466, 'Longueville', 'Belgium', '1325'),
(1467, 'Longvilly', 'Belgium', '6600'),
(1468, 'Lontzen', 'Belgium', '4710'),
(1469, 'Lonz?e', 'Belgium', '5030'),
(1470, 'Loonbeek', 'Belgium', '3040'),
(1471, 'Loppem', 'Belgium', '8210'),
(1472, 'Lorc?', 'Belgium', '4987'),
(1473, 'Lo-Reninge', 'Belgium', '8647'),
(1474, 'Lot', 'Belgium', '1651'),
(1475, 'Lotenhulle', 'Belgium', '9880'),
(1476, 'Louette-Saint-Denis', 'Belgium', '5575'),
(1477, 'Louette-Saint-Pierre', 'Belgium', '5575'),
(1478, 'Loupoigne', 'Belgium', '1471'),
(1479, 'Louvain-la-Neuve', 'Belgium', '1348'),
(1480, 'Louveign?', 'Belgium', '4920'),
(1481, 'Louveign?', 'Belgium', '4141'),
(1482, 'Lovendegem', 'Belgium', '9920'),
(1483, 'Lovenjoel', 'Belgium', '3360'),
(1484, 'Loverval', 'Belgium', '6280'),
(1485, 'Loyers', 'Belgium', '5101'),
(1486, 'Lubbeek', 'Belgium', '3210'),
(1487, 'Luingne', 'Belgium', '7700'),
(1488, 'Lummen', 'Belgium', '3560'),
(1489, 'Lustin', 'Belgium', '5170'),
(1490, 'Luttre', 'Belgium', '6238'),
(1491, 'LUXEMBOURG', 'Belgium', 'L1217'),
(1492, 'Maarkedal', 'Belgium', '9680'),
(1493, 'Maarke-Kerkem', 'Belgium', '9680'),
(1494, 'Maaseik', 'Belgium', '3680'),
(1495, 'Maasmechelen', 'Belgium', '3630'),
(1496, 'Mabompr?', 'Belgium', '6663'),
(1497, 'Machelen', 'Belgium', '1830'),
(1498, 'Machelen', 'Belgium', '9870'),
(1499, 'Macon', 'Belgium', '6591'),
(1500, 'Macquenoise', 'Belgium', '6593'),
(1501, 'Maffe', 'Belgium', '5374'),
(1502, 'Maffle', 'Belgium', '7810'),
(1503, 'Magn?e', 'Belgium', '4623'),
(1504, 'Maillen', 'Belgium', '5330'),
(1505, 'Mainvault', 'Belgium', '7812'),
(1506, 'Maisi?res', 'Belgium', '7020'),
(1507, 'Maissin', 'Belgium', '6852'),
(1508, 'Maizeret', 'Belgium', '5300'),
(1509, 'Mal', 'Belgium', '3700'),
(1510, 'Maldegem', 'Belgium', '9990'),
(1511, 'Malderen', 'Belgium', '1840'),
(1512, 'Malempr?', 'Belgium', '6960'),
(1513, 'Mal?ves-Ste-Marie-Wastines', 'Belgium', '1360'),
(1514, 'Malle', 'Belgium', '2390'),
(1515, 'Malm?dy', 'Belgium', '4960'),
(1516, 'Malonne', 'Belgium', '5020'),
(1517, 'Malvoisin', 'Belgium', '5575'),
(1518, 'Manage', 'Belgium', '7170'),
(1519, 'Manderfeld', 'Belgium', '4760'),
(1520, 'Manhay', 'Belgium', '6960'),
(1521, 'Mannekensvere', 'Belgium', '8433'),
(1522, 'Maransart', 'Belgium', '1380'),
(1523, 'Marbais', 'Belgium', '1495'),
(1524, 'Marbaix', 'Belgium', '6120'),
(1525, 'Marche-en-Famenne', 'Belgium', '6900'),
(1526, 'Marche-les-Dames', 'Belgium', '5024'),
(1527, 'Marche-lez-Ecaussinnes', 'Belgium', '7190'),
(1528, 'Marchienne-au-Pont', 'Belgium', '6030'),
(1529, 'Marchin', 'Belgium', '4570'),
(1530, 'Marchipont', 'Belgium', '7387'),
(1531, 'Marchovelette', 'Belgium', '5380'),
(1532, 'Marcinelle', 'Belgium', '6001'),
(1533, 'Marcourt', 'Belgium', '6987'),
(1534, 'Marcq', 'Belgium', '7850'),
(1535, 'Marenne', 'Belgium', '6990'),
(1536, 'Mariakerke', 'Belgium', '9030'),
(1537, 'Mariekerke', 'Belgium', '2880'),
(1538, 'Mariembourg', 'Belgium', '5660'),
(1539, 'Marilles', 'Belgium', '1350'),
(1540, 'Mark', 'Belgium', '7850'),
(1541, 'Marke', 'Belgium', '8510'),
(1542, 'Markegem', 'Belgium', '8720'),
(1543, 'Marneffe', 'Belgium', '4210'),
(1544, 'Marquain', 'Belgium', '7522'),
(1545, 'Martelange', 'Belgium', '6630'),
(1546, 'Martenslinde', 'Belgium', '3742'),
(1547, 'Martouzin-Neuville', 'Belgium', '5573'),
(1548, 'Masbourg', 'Belgium', '6953'),
(1549, 'Masnuy-Saint-Jean', 'Belgium', '7020'),
(1550, 'Masnuy-Saint-Pierre', 'Belgium', '7050'),
(1551, 'Masnuy-St-Jean', 'Belgium', '7050'),
(1552, 'Massemen', 'Belgium', '9230'),
(1553, 'Massenhoven', 'Belgium', '2240'),
(1554, 'Matagne-la-Grande', 'Belgium', '5680'),
(1555, 'Matagne-la-Petite', 'Belgium', '5680'),
(1556, 'Mater', 'Belgium', '9700'),
(1557, 'Maubray', 'Belgium', '7640'),
(1558, 'Maulde', 'Belgium', '7534'),
(1559, 'Maurage', 'Belgium', '7110'),
(1560, 'Maz?e', 'Belgium', '5670'),
(1561, 'Mazenzele', 'Belgium', '1745'),
(1562, 'Mazy', 'Belgium', '5032'),
(1563, 'M?an', 'Belgium', '5372'),
(1564, 'Mechelen', 'Belgium', '2800'),
(1565, 'Mechelen-aan-de-Maas', 'Belgium', '3630'),
(1566, 'Mechelen-Bovelingen', 'Belgium', '3870'),
(1567, 'Meeffe', 'Belgium', '4219'),
(1568, 'Meensel-Kiezegem', 'Belgium', '3391'),
(1569, 'Meer', 'Belgium', '2321'),
(1570, 'Meerbeek', 'Belgium', '3078'),
(1571, 'Meerbeke', 'Belgium', '9402'),
(1572, 'Meerdonk', 'Belgium', '9170'),
(1573, 'Meerhout', 'Belgium', '2450'),
(1574, 'Meerle', 'Belgium', '2328'),
(1575, 'Meeswijk', 'Belgium', '3630'),
(1576, 'Meetkerke', 'Belgium', '8377'),
(1577, 'Meeuwen', 'Belgium', '3670'),
(1578, 'Meeuwen-Gruitrode', 'Belgium', '3670'),
(1579, 'Mehaigne', 'Belgium', '5310'),
(1580, 'Meigem', 'Belgium', '9800'),
(1581, 'Meilegem', 'Belgium', '9630'),
(1582, 'Meise', 'Belgium', '1860'),
(1583, 'Meix-devant-Virton', 'Belgium', '6769'),
(1584, 'Meix-le-Tige', 'Belgium', '6747'),
(1585, 'Melden', 'Belgium', '9700'),
(1586, 'Meldert', 'Belgium', '3320'),
(1587, 'Meldert', 'Belgium', '3560'),
(1588, 'Meldert', 'Belgium', '9310'),
(1589, 'Melen', 'Belgium', '4633'),
(1590, 'M?lin', 'Belgium', '1370'),
(1591, 'Melkwezer', 'Belgium', '3350'),
(1592, 'Melle', 'Belgium', '9090'),
(1593, 'Mellery', 'Belgium', '1495'),
(1594, 'Melles', 'Belgium', '7540'),
(1595, 'Mellet', 'Belgium', '6211'),
(1596, 'Mellier', 'Belgium', '6860'),
(1597, 'Melsbroek', 'Belgium', '1820'),
(1598, 'Melsele', 'Belgium', '9120'),
(1599, 'Melsen', 'Belgium', '9820'),
(1600, 'Membach', 'Belgium', '4837'),
(1601, 'Membre', 'Belgium', '5550'),
(1602, 'Membruggen', 'Belgium', '3770'),
(1603, 'Mendonk', 'Belgium', '9042'),
(1604, 'Menen', 'Belgium', '8930'),
(1605, 'Merbes-le-Ch?teau', 'Belgium', '6567'),
(1606, 'Merbes-Sainte-Marie', 'Belgium', '6567'),
(1607, 'Merchtem', 'Belgium', '1785'),
(1608, 'Merdorp', 'Belgium', '4280'),
(1609, 'Mere', 'Belgium', '9420'),
(1610, 'Merelbeke', 'Belgium', '9820'),
(1611, 'Merendree', 'Belgium', '9850'),
(1612, 'Merkem', 'Belgium', '8650'),
(1613, 'Merksem', 'Belgium', '2170'),
(1614, 'Merksplas', 'Belgium', '2330'),
(1615, 'Merlemont', 'Belgium', '5600'),
(1616, 'Mesen', 'Belgium', '8957'),
(1617, 'Meslin-l''Ev?que', 'Belgium', '7822'),
(1618, 'Mesnil-Eglise', 'Belgium', '5560'),
(1619, 'Mesnil-Saint-Blaise', 'Belgium', '5560'),
(1620, 'Mespelare', 'Belgium', '9200'),
(1621, 'Messancy', 'Belgium', '6780'),
(1622, 'Messelbroek', 'Belgium', '3272'),
(1623, 'Messines', 'Belgium', '8957'),
(1624, 'Mesvin', 'Belgium', '7022'),
(1625, 'Mettekoven', 'Belgium', '3870'),
(1626, 'Mettet', 'Belgium', '5640'),
(1627, 'Meulebeke', 'Belgium', '8760'),
(1628, 'Meux', 'Belgium', '5081'),
(1629, 'M?vergnies-lez-Lens', 'Belgium', '7942'),
(1630, 'Meyrode', 'Belgium', '4770'),
(1631, 'Michelbeke', 'Belgium', '9660'),
(1632, 'Micheroux', 'Belgium', '4630'),
(1633, 'Middelburg', 'Belgium', '9992'),
(1634, 'Middelkerke', 'Belgium', '8430'),
(1635, 'Mi?cret', 'Belgium', '5376'),
(1636, 'Mielen-boven-Aalst', 'Belgium', '3891'),
(1637, 'Mignault', 'Belgium', '7070'),
(1638, 'Millen', 'Belgium', '3770'),
(1639, 'Milmort', 'Belgium', '4041'),
(1640, 'Minderhout', 'Belgium', '2322'),
(1641, 'Mirwart', 'Belgium', '6870'),
(1642, 'Modave', 'Belgium', '4577'),
(1643, 'Moelingen', 'Belgium', '3790'),
(1644, 'Moen', 'Belgium', '8552'),
(1645, 'Moerbeke', 'Belgium', '9500'),
(1646, 'Moerbeke-Waas', 'Belgium', '9180'),
(1647, 'Moere', 'Belgium', '8470'),
(1648, 'Moerkerke', 'Belgium', '8340'),
(1649, 'Moerzeke', 'Belgium', '9220'),
(1650, 'Moeskroen', 'Belgium', '7700'),
(1651, 'Moha', 'Belgium', '4520'),
(1652, 'Mohiville', 'Belgium', '5361'),
(1653, 'Moignel?e', 'Belgium', '5060'),
(1654, 'Moircy', 'Belgium', '6800'),
(1655, 'Mol', 'Belgium', '2400'),
(1656, 'Molenbaix', 'Belgium', '7760'),
(1657, 'Molenbeek-Saint-Jean', 'Belgium', '1080'),
(1658, 'Molenbeek-Wersbeek', 'Belgium', '3461'),
(1659, 'Molenbeersel', 'Belgium', '3640'),
(1660, 'Molenstede', 'Belgium', '3294'),
(1661, 'Mollem', 'Belgium', '1730'),
(1662, 'Momalle', 'Belgium', '4350'),
(1663, 'Momignies', 'Belgium', '6590'),
(1664, 'Monceau-en-Ardenne', 'Belgium', '5555'),
(1665, 'Monceau-Imbrechies', 'Belgium', '6592'),
(1666, 'Monceau-sur-Sambre', 'Belgium', '6031'),
(1667, 'Mons', 'Belgium', '7000'),
(1668, 'Mons-lez-Li?ge', 'Belgium', '4400'),
(1669, 'Monstreux', 'Belgium', '1400'),
(1670, 'Mont', 'Belgium', '6661'),
(1671, 'Mont', 'Belgium', '5530'),
(1672, 'Montbliart', 'Belgium', '6470'),
(1673, 'Mont-de-l''Enclus', 'Belgium', '7750'),
(1674, 'Montegn?e', 'Belgium', '4420'),
(1675, 'Montenaken', 'Belgium', '3890'),
(1676, 'Mont-Gauthier', 'Belgium', '5580'),
(1677, 'Montignies-lez-Lens', 'Belgium', '7870'),
(1678, 'Montignies-St-Christophe', 'Belgium', '6560'),
(1679, 'Montignies-sur-Roc', 'Belgium', '7387'),
(1680, 'Montignies-sur-Sambre', 'Belgium', '6061'),
(1681, 'Montigny-le-Tilleul', 'Belgium', '6110'),
(1682, 'Montleban', 'Belgium', '6674'),
(1683, 'Montroeul-au-Bois', 'Belgium', '7911'),
(1684, 'Montroeul-sur-Haine', 'Belgium', '7350'),
(1685, 'Mont-Saint-Andr?', 'Belgium', '1367'),
(1686, 'Mont-Saint-Aubert', 'Belgium', '7542'),
(1687, 'Mont-Sainte-Aldegonde', 'Belgium', '7141'),
(1688, 'Mont-Sainte-Genevi?ve', 'Belgium', '6540'),
(1689, 'Mont-Saint-Guibert', 'Belgium', '1435'),
(1690, 'Mont-sur-Marchienne', 'Belgium', '6032'),
(1691, 'Montzen', 'Belgium', '4850'),
(1692, 'Moorsel', 'Belgium', '9310'),
(1693, 'Moorsele', 'Belgium', '8560'),
(1694, 'Moorslede', 'Belgium', '8890'),
(1695, 'Moortsele', 'Belgium', '9860'),
(1696, 'Mopertingen', 'Belgium', '3740'),
(1697, 'Moregem', 'Belgium', '9790'),
(1698, 'Moresnet', 'Belgium', '4850'),
(1699, 'Morhet', 'Belgium', '6640'),
(1700, 'Morialm?', 'Belgium', '5621'),
(1701, 'Morkhoven', 'Belgium', '2200'),
(1702, 'Morlanwelz', 'Belgium', '7140'),
(1703, 'Morlanwelz-Mariemont', 'Belgium', '7140'),
(1704, 'Mormont', 'Belgium', '6997'),
(1705, 'Mornimont', 'Belgium', '5190'),
(1706, 'Mortier', 'Belgium', '4670'),
(1707, 'Mortroux', 'Belgium', '4607'),
(1708, 'Mortsel', 'Belgium', '2640'),
(1709, 'Morville', 'Belgium', '5620'),
(1710, 'Mouland', 'Belgium', '3790'),
(1711, 'Moulbaix', 'Belgium', '7812'),
(1712, 'Mourcourt', 'Belgium', '7543'),
(1713, 'Mouscron', 'Belgium', '7700'),
(1714, 'Moustier', 'Belgium', '7911'),
(1715, 'Moustier-sur-Sambre', 'Belgium', '5190'),
(1716, 'Mouzaive', 'Belgium', '5550'),
(1717, 'Moxhe', 'Belgium', '4280'),
(1718, 'Mozet', 'Belgium', '5340'),
(1719, 'Muizen', 'Belgium', '3891'),
(1720, 'Muizen', 'Belgium', '2812'),
(1721, 'Mullem', 'Belgium', '9700'),
(1722, 'Munkzwalm', 'Belgium', '9630'),
(1723, 'Muno', 'Belgium', '6820'),
(1724, 'Munsterbilzen', 'Belgium', '3740'),
(1725, 'Munte', 'Belgium', '9820'),
(1726, 'Musson', 'Belgium', '6750'),
(1727, 'Mussy-la-Ville', 'Belgium', '6750'),
(1728, 'My', 'Belgium', '4190'),
(1729, 'Naast', 'Belgium', '7062'),
(1730, 'Nadrin', 'Belgium', '6660'),
(1731, 'Nafraiture', 'Belgium', '5550'),
(1732, 'Nalinnes', 'Belgium', '6120'),
(1733, 'Nam?che', 'Belgium', '5300'),
(1734, 'Namur', 'Belgium', '5000'),
(1735, 'Nandrin', 'Belgium', '4550'),
(1736, 'Naninne', 'Belgium', '5100'),
(1737, 'Naom?', 'Belgium', '5555'),
(1738, 'Nassogne', 'Belgium', '6950'),
(1739, 'Natoye', 'Belgium', '5360'),
(1740, 'Nazareth', 'Belgium', '9810'),
(1741, 'N?chin', 'Belgium', '7730'),
(1742, 'Neder-over-Heembeek', 'Belgium', '1120'),
(1743, 'Nederboelare', 'Belgium', '9500'),
(1744, 'Nederbrakel', 'Belgium', '9660'),
(1745, 'Nederename', 'Belgium', '9700'),
(1746, 'Nederhasselt', 'Belgium', '9400'),
(1747, 'Nederokkerzeel', 'Belgium', '1910'),
(1748, 'Nederzwalm-Hermelgem', 'Belgium', '9636'),
(1749, 'Neerglabbeek', 'Belgium', '3670'),
(1750, 'Neerharen', 'Belgium', '3620'),
(1751, 'Neerhespen', 'Belgium', '3350'),
(1752, 'Neerheylissem', 'Belgium', '1357'),
(1753, 'Neerijse', 'Belgium', '3040'),
(1754, 'Neerlanden', 'Belgium', '3404'),
(1755, 'Neerlinter', 'Belgium', '3350'),
(1756, 'Neeroeteren', 'Belgium', '3680'),
(1757, 'Neerpelt', 'Belgium', '3910'),
(1758, 'Neerrepen', 'Belgium', '3700'),
(1759, 'Neervelp', 'Belgium', '3370'),
(1760, 'Neerwaasten', 'Belgium', '7784'),
(1761, 'Neerwinden', 'Belgium', '3400'),
(1762, 'Neigem', 'Belgium', '9403'),
(1763, 'Nerem', 'Belgium', '3700'),
(1764, 'Nessonvaux', 'Belgium', '4870'),
(1765, 'Nethen', 'Belgium', '1390'),
(1766, 'Nettinne', 'Belgium', '5377'),
(1767, 'Neufch?teau', 'Belgium', '6840'),
(1768, 'Neufch?teau', 'Belgium', '4608'),
(1769, 'Neufmaison', 'Belgium', '7332'),
(1770, 'Neufvilles', 'Belgium', '7063'),
(1771, 'Neu-Moresnet', 'Belgium', '4721'),
(1772, 'Neupr?', 'Belgium', '4120'),
(1773, 'Neuville', 'Belgium', '5600'),
(1774, 'Neuville-en-Condroz', 'Belgium', '4121'),
(1775, 'Nevele', 'Belgium', '9850'),
(1776, 'Niel', 'Belgium', '2845'),
(1777, 'Niel-bij-As', 'Belgium', '3668'),
(1778, 'Niel-bij-Sint-Truiden', 'Belgium', '3890'),
(1779, 'Nieuwenhove', 'Belgium', '9506'),
(1780, 'Nieuwenrode', 'Belgium', '1880'),
(1781, 'Nieuwerkerken', 'Belgium', '9320'),
(1782, 'Nieuwerkerken', 'Belgium', '3850'),
(1783, 'Nieuwkapelle', 'Belgium', '8600'),
(1784, 'Nieuwkerke', 'Belgium', '8950'),
(1785, 'Nieuwkerken-Waas', 'Belgium', '9100'),
(1786, 'Nieuwmunster', 'Belgium', '8377'),
(1787, 'Nieuwpoort', 'Belgium', '8620'),
(1788, 'Nieuwrode', 'Belgium', '3221'),
(1789, 'Nijlen', 'Belgium', '2560'),
(1790, 'Nil-St-Vincent-St-Martin', 'Belgium', '1457'),
(1791, 'Nimy', 'Belgium', '7020'),
(1792, 'Ninove', 'Belgium', '9400'),
(1793, 'Nismes', 'Belgium', '5670'),
(1794, 'Nivelles', 'Belgium', '1400'),
(1795, 'Niverl?e', 'Belgium', '5680'),
(1796, 'Nives', 'Belgium', '6640'),
(1797, 'Nobressart', 'Belgium', '6717'),
(1798, 'Nodebais', 'Belgium', '1320'),
(1799, 'Noduwez', 'Belgium', '1350'),
(1800, 'Noirchain', 'Belgium', '7080'),
(1801, 'Noirefontaine', 'Belgium', '6831'),
(1802, 'Noiseux', 'Belgium', '5377'),
(1803, 'Nokere', 'Belgium', '9771'),
(1804, 'Nollevaux', 'Belgium', '6851'),
(1805, 'Noorderwijk', 'Belgium', '2200'),
(1806, 'Noordschote', 'Belgium', '8647'),
(1807, 'Nossegem', 'Belgium', '1930'),
(1808, 'Nothomb', 'Belgium', '6717'),
(1809, 'Nouvelles', 'Belgium', '7022'),
(1810, 'Noville', 'Belgium', '4347'),
(1811, 'Noville', 'Belgium', '6600'),
(1812, 'Noville-les-Bois', 'Belgium', '5380'),
(1813, 'Noville-sur-M?haigne', 'Belgium', '5310'),
(1814, 'Nukerke', 'Belgium', '9681'),
(1815, 'Obaix', 'Belgium', '6230'),
(1816, 'Obigies', 'Belgium', '7743'),
(1817, 'Obourg', 'Belgium', '7034'),
(1818, 'Ochamps', 'Belgium', '6890'),
(1819, 'Ocquier', 'Belgium', '4560'),
(1820, 'Odeigne', 'Belgium', '6960'),
(1821, 'Odeur', 'Belgium', '4367'),
(1822, 'Oedelem', 'Belgium', '8730'),
(1823, 'Oekene', 'Belgium', '8800'),
(1824, 'Oelegem', 'Belgium', '2520'),
(1825, 'Oeren', 'Belgium', '8690'),
(1826, 'Oeselgem', 'Belgium', '8720'),
(1827, 'Oetingen', 'Belgium', '1755'),
(1828, 'Oeudeghien', 'Belgium', '7911'),
(1829, 'Oevel', 'Belgium', '2260'),
(1830, 'Offagne', 'Belgium', '6850'),
(1831, 'Ogy', 'Belgium', '7862'),
(1832, 'Ohain', 'Belgium', '1380'),
(1833, 'Ohey', 'Belgium', '5350'),
(1834, 'Oignies-en-Thi?rache', 'Belgium', '5670'),
(1835, 'Oisquercq', 'Belgium', '1480'),
(1836, 'Oizy', 'Belgium', '5555'),
(1837, 'Okegem', 'Belgium', '9400'),
(1838, 'Olen', 'Belgium', '2250'),
(1839, 'Oleye', 'Belgium', '4300'),
(1840, 'Ollignies', 'Belgium', '7866'),
(1841, 'Olloy-sur-Viroin', 'Belgium', '5670'),
(1842, 'Olmen', 'Belgium', '2491'),
(1843, 'Olne', 'Belgium', '4877'),
(1844, 'Olsene', 'Belgium', '9870'),
(1845, 'Omal', 'Belgium', '4252'),
(1846, 'Ombret', 'Belgium', '4540'),
(1847, 'Omez?e', 'Belgium', '5600'),
(1848, 'On', 'Belgium', '6900'),
(1849, 'Onhaye', 'Belgium', '5520'),
(1850, 'Onkerzele', 'Belgium', '9500'),
(1851, 'Onnezies', 'Belgium', '7387'),
(1852, 'Onoz', 'Belgium', '5190'),
(1853, 'Onze-Lieve-Vrouw-Lombeek', 'Belgium', '1760'),
(1854, 'Onze-Lieve-Vrouw-Waver', 'Belgium', '2861'),
(1855, 'Ooigem', 'Belgium', '8710'),
(1856, 'Ooike', 'Belgium', '9700'),
(1857, 'Ooike', 'Belgium', '9790'),
(1858, 'Oomb.(St-Lievens-Houtem)', 'Belgium', '9520'),
(1859, 'Oombergen', 'Belgium', '9620'),
(1860, 'Oorbeek', 'Belgium', '3300'),
(1861, 'Oordegem', 'Belgium', '9340'),
(1862, 'Oostakker', 'Belgium', '9041'),
(1863, 'Oostduinkerke', 'Belgium', '8670'),
(1864, 'Oosteeklo', 'Belgium', '9968'),
(1865, 'Oostende', 'Belgium', '8400'),
(1866, 'Oosterzele', 'Belgium', '9860'),
(1867, 'Oostham', 'Belgium', '3945'),
(1868, 'Oostkamp', 'Belgium', '8020'),
(1869, 'Oostkerke', 'Belgium', '8340'),
(1870, 'Oostkerke', 'Belgium', '8600'),
(1871, 'Oostmalle', 'Belgium', '2390'),
(1872, 'Oostnieuwkerke', 'Belgium', '8840'),
(1873, 'Oostrozebeke', 'Belgium', '8780'),
(1874, 'Oostvleteren', 'Belgium', '8640'),
(1875, 'Oostwinkel', 'Belgium', '9931'),
(1876, 'Opbrakel', 'Belgium', '9660'),
(1877, 'Opdorp', 'Belgium', '9255'),
(1878, 'Opglabbeek', 'Belgium', '3660'),
(1879, 'Opgrimbie', 'Belgium', '3630'),
(1880, 'Ophain-Bois-Seigneur-Isaac', 'Belgium', '1421'),
(1881, 'Ophasselt', 'Belgium', '9500'),
(1882, 'Opheers', 'Belgium', '3870'),
(1883, 'Opheylissem', 'Belgium', '1357'),
(1884, 'Ophoven', 'Belgium', '3640'),
(1885, 'Opitter', 'Belgium', '3960'),
(1886, 'Oplinter', 'Belgium', '3300'),
(1887, 'Opoeteren', 'Belgium', '3680'),
(1888, 'Opont', 'Belgium', '6852'),
(1889, 'Opprebais', 'Belgium', '1315'),
(1890, 'Oppuurs', 'Belgium', '2890'),
(1891, 'Opvelp', 'Belgium', '3360'),
(1892, 'Opwijk', 'Belgium', '1745'),
(1893, 'Orbais', 'Belgium', '1360'),
(1894, 'Orchimont', 'Belgium', '5550'),
(1895, 'Orcq', 'Belgium', '7501'),
(1896, 'Ordingen', 'Belgium', '3800'),
(1897, 'Oret', 'Belgium', '5640'),
(1898, 'Oreye', 'Belgium', '4360'),
(1899, 'Orgeo', 'Belgium', '6880'),
(1900, 'Ormeignies', 'Belgium', '7802'),
(1901, 'Orp-Jauche', 'Belgium', '1350'),
(1902, 'Orp-le-Grand', 'Belgium', '1350'),
(1903, 'Orroir', 'Belgium', '7750'),
(1904, 'Orsmaal-Gussenhoven', 'Belgium', '3350'),
(1905, 'Ortho', 'Belgium', '6983'),
(1906, 'Ostiches', 'Belgium', '7804'),
(1907, 'Otegem', 'Belgium', '8553'),
(1908, 'Oteppe', 'Belgium', '4210'),
(1909, 'Oth?e', 'Belgium', '4340'),
(1910, 'Otrange', 'Belgium', '4360'),
(1911, 'Ottenburg', 'Belgium', '3040'),
(1912, 'Ottergem', 'Belgium', '9420'),
(1913, 'Ottignies', 'Belgium', '1340'),
(1914, 'Oudegem', 'Belgium', '9200'),
(1915, 'Oudekapelle', 'Belgium', '8600'),
(1916, 'Oudenaarde', 'Belgium', '9700'),
(1917, 'Oudenaken', 'Belgium', '1600'),
(1918, 'Oudenburg', 'Belgium', '8460'),
(1919, 'Oudergem', 'Belgium', '1160'),
(1920, 'Oud-Heverlee', 'Belgium', '3050'),
(1921, 'Oud-Turnhout', 'Belgium', '2360'),
(1922, 'Ouffet', 'Belgium', '4590'),
(1923, 'Ougr?e', 'Belgium', '4102'),
(1924, 'Oupeye', 'Belgium', '4680'),
(1925, 'Outer', 'Belgium', '9406'),
(1926, 'Outgaarden', 'Belgium', '3321'),
(1927, 'Outrelouxhe', 'Belgium', '4577'),
(1928, 'Outrijve', 'Belgium', '8582'),
(1929, 'Ouwegem', 'Belgium', '9750'),
(1930, 'Overboelare', 'Belgium', '9500'),
(1931, 'Overhespen', 'Belgium', '3350'),
(1932, 'Overijse', 'Belgium', '3090'),
(1933, 'Overmere', 'Belgium', '9290'),
(1934, 'Overpelt', 'Belgium', '3900'),
(1935, 'Overrepen', 'Belgium', '3700'),
(1936, 'Overwinden', 'Belgium', '3400'),
(1937, 'Paal', 'Belgium', '3583'),
(1938, 'Paifve', 'Belgium', '4452'),
(1939, 'Pailhe', 'Belgium', '4560'),
(1940, 'Paliseul', 'Belgium', '6850'),
(1941, 'Pamel', 'Belgium', '1760'),
(1942, 'Papignies', 'Belgium', '7861'),
(1943, 'Parike', 'Belgium', '9661'),
(1944, 'PARIS', 'Belgium', '75008'),
(1945, 'Passendale', 'Belgium', '8980'),
(1946, 'Patignies', 'Belgium', '5575'),
(1947, 'P?turages', 'Belgium', '7340'),
(1948, 'Paulatem', 'Belgium', '9630'),
(1949, 'Pecq', 'Belgium', '7740'),
(1950, 'Peer', 'Belgium', '3990'),
(1951, 'Peissant', 'Belgium', '7120'),
(1952, 'Pellaines', 'Belgium', '4287'),
(1953, 'Pellenberg', 'Belgium', '3212'),
(1954, 'Pepingen', 'Belgium', '1670'),
(1955, 'Pepinster', 'Belgium', '4860'),
(1956, 'Perk', 'Belgium', '1820'),
(1957, 'P?ronnes-lez-Antoing', 'Belgium', '7640'),
(1958, 'P?ronnes-lez-Binche', 'Belgium', '7134'),
(1959, 'P?ruwelz', 'Belgium', '7600'),
(1960, 'Pervijze', 'Belgium', '8600'),
(1961, 'Perwez', 'Belgium', '1360'),
(1962, 'Perwez-Haillot', 'Belgium', '5352'),
(1963, 'Pesche', 'Belgium', '5660'),
(1964, 'Pessoux', 'Belgium', '5590'),
(1965, 'Petegem-aan-de-Leie', 'Belgium', '9800'),
(1966, 'Petegem-aan-de-Schelde', 'Belgium', '9790'),
(1967, 'Petigny', 'Belgium', '5660'),
(1968, 'Petite-Chapelle', 'Belgium', '5660'),
(1969, 'Petit-Enghien', 'Belgium', '7850'),
(1970, 'Petit-Fays', 'Belgium', '5555'),
(1971, 'Petit-Hallet', 'Belgium', '4280'),
(1972, 'Petit-Rechain', 'Belgium', '4800'),
(1973, 'Petit-Roeulx-lez-Braine', 'Belgium', '7090'),
(1974, 'Petit-Roeulx-lez-Nivelles', 'Belgium', '7181'),
(1975, 'Petit-Thier', 'Belgium', '6692'),
(1976, 'Peutie', 'Belgium', '1800'),
(1977, 'Philippeville', 'Belgium', '5600'),
(1978, 'Pi?ton', 'Belgium', '7160'),
(1979, 'Pi?train', 'Belgium', '1370'),
(1980, 'Pi?trebais', 'Belgium', '1315'),
(1981, 'Pipaix', 'Belgium', '7904'),
(1982, 'Piringen', 'Belgium', '3700'),
(1983, 'Pironchamps', 'Belgium', '6240'),
(1984, 'Pittem', 'Belgium', '8740'),
(1985, 'Plainevaux', 'Belgium', '4122'),
(1986, 'Plancenoit', 'Belgium', '1380'),
(1987, 'Ploegsteert', 'Belgium', '7782'),
(1988, 'Plombi?res', 'Belgium', '4850'),
(1989, 'Poederlee', 'Belgium', '2275'),
(1990, 'Poeke', 'Belgium', '9880'),
(1991, 'Poelkapelle', 'Belgium', '8920'),
(1992, 'Poesele', 'Belgium', '9850'),
(1993, 'Pollare', 'Belgium', '9401'),
(1994, 'Polleur', 'Belgium', '4910'),
(1995, 'Polleur', 'Belgium', '4800'),
(1996, 'Pollinkhove', 'Belgium', '8647'),
(1997, 'Pommeroeul', 'Belgium', '7322'),
(1998, 'Pondr?me', 'Belgium', '5574'),
(1999, 'Pont-?-Celles', 'Belgium', '6230'),
(2000, 'Pont-de-Loup', 'Belgium', '6250'),
(2001, 'Pontillas', 'Belgium', '5380'),
(2002, 'Poperinge', 'Belgium', '8970'),
(2003, 'Poppel', 'Belgium', '2382'),
(2004, 'Popuelles', 'Belgium', '7760'),
(2005, 'Porcheresse', 'Belgium', '6929'),
(2006, 'Porcheresse', 'Belgium', '5370'),
(2007, 'Pottes', 'Belgium', '7760'),
(2008, 'Poucet', 'Belgium', '4280'),
(2009, 'Poulseur', 'Belgium', '4171'),
(2010, 'Poupehan', 'Belgium', '6830'),
(2011, 'Pousset', 'Belgium', '4350'),
(2012, 'Presgaux', 'Belgium', '5660'),
(2013, 'Presles', 'Belgium', '6250'),
(2014, 'Profondeville', 'Belgium', '5170'),
(2015, 'Proven', 'Belgium', '8972'),
(2016, 'Pry', 'Belgium', '5650'),
(2017, 'Pulderbos', 'Belgium', '2242'),
(2018, 'Pulle', 'Belgium', '2243'),
(2019, 'Purnode', 'Belgium', '5530'),
(2020, 'Pussemange', 'Belgium', '5550'),
(2021, 'Putte', 'Belgium', '2580'),
(2022, 'Puurs', 'Belgium', '2870'),
(2023, 'Quaregnon', 'Belgium', '7390'),
(2024, 'Quartes', 'Belgium', '7540'),
(2025, 'Quenast', 'Belgium', '1430'),
(2026, 'Queue-du-Bois', 'Belgium', '4610'),
(2027, 'Quevaucamps', 'Belgium', '7972'),
(2028, 'Qu?vy-le-Grand', 'Belgium', '7040'),
(2029, 'Qu?vy-le-Petit', 'Belgium', '7040'),
(2030, 'Qui?vrain', 'Belgium', '7380'),
(2031, 'Rachecourt', 'Belgium', '6792'),
(2032, 'Racour', 'Belgium', '4287'),
(2033, 'Raeren', 'Belgium', '4730'),
(2034, 'Ragnies', 'Belgium', '6532'),
(2035, 'Rahier', 'Belgium', '4987'),
(2036, 'Ramegnies', 'Belgium', '7971'),
(2037, 'Ramegnies-Chin', 'Belgium', '7520'),
(2038, 'Ramelot', 'Belgium', '4557'),
(2039, 'Ramillies', 'Belgium', '1367'),
(2040, 'Ramsdonk', 'Belgium', '1880'),
(2041, 'Ramsel', 'Belgium', '2230'),
(2042, 'Ramskapelle', 'Belgium', '8301'),
(2043, 'Ramskapelle', 'Belgium', '8620'),
(2044, 'Rance', 'Belgium', '6470'),
(2045, 'Ransart', 'Belgium', '6043'),
(2046, 'Ransberg', 'Belgium', '3470'),
(2047, 'Ranst', 'Belgium', '2520'),
(2048, 'Ravels', 'Belgium', '2380'),
(2049, 'Rebaix', 'Belgium', '7804'),
(2050, 'Rebecq', 'Belgium', '1430'),
(2051, 'Rebecq-Rognon', 'Belgium', '1430'),
(2052, 'Recht', 'Belgium', '4780'),
(2053, 'Recogne', 'Belgium', '6800'),
(2054, 'Redu', 'Belgium', '6890'),
(2055, 'Reet', 'Belgium', '2840'),
(2056, 'Rekem', 'Belgium', '3621'),
(2057, 'Rekkem', 'Belgium', '8930'),
(2058, 'Relegem', 'Belgium', '1731'),
(2059, 'Remagne', 'Belgium', '6800'),
(2060, 'Remersdaal', 'Belgium', '3791'),
(2061, 'Remicourt', 'Belgium', '4350'),
(2062, 'Renaix', 'Belgium', '9600'),
(2063, 'Rendeux', 'Belgium', '6987'),
(2064, 'Reninge', 'Belgium', '8647'),
(2065, 'Reningelst', 'Belgium', '8970'),
(2066, 'Renlies', 'Belgium', '6500'),
(2067, 'Reppel', 'Belgium', '3950'),
(2068, 'Ressaix', 'Belgium', '7134'),
(2069, 'Ressegem', 'Belgium', '9551'),
(2070, 'Resteigne', 'Belgium', '6927'),
(2071, 'Retie', 'Belgium', '2470'),
(2072, 'Retinne', 'Belgium', '4621'),
(2073, 'Reuland', 'Belgium', '4790'),
(2074, 'R?ves', 'Belgium', '6210'),
(2075, 'Rhisnes', 'Belgium', '5080'),
(2076, 'Rhode-Saint-Gen?se', 'Belgium', '1640'),
(2077, 'Richelle', 'Belgium', '4600'),
(2078, 'Riemst', 'Belgium', '3770'),
(2079, 'Rienne', 'Belgium', '5575'),
(2080, 'Ri?zes', 'Belgium', '6464'),
(2081, 'Rijkel', 'Belgium', '3840'),
(2082, 'Rijkevorsel', 'Belgium', '2310'),
(2083, 'Rijkhoven', 'Belgium', '3740'),
(2084, 'Rijmenam', 'Belgium', '2820'),
(2085, 'Riksingen', 'Belgium', '3700'),
(2086, 'Rillaar', 'Belgium', '3202'),
(2087, 'Rivi?re', 'Belgium', '5170'),
(2088, 'Rixensart', 'Belgium', '1330'),
(2089, 'Robechies', 'Belgium', '6460'),
(2090, 'Robelmont', 'Belgium', '6769'),
(2091, 'Robertville', 'Belgium', '4950'),
(2092, 'Roborst', 'Belgium', '9630'),
(2093, 'Rochefort', 'Belgium', '5580'),
(2094, 'Rochehaut', 'Belgium', '6830'),
(2095, 'Rocherath', 'Belgium', '4761'),
(2096, 'Roclenge-sur-Geer', 'Belgium', '4690'),
(2097, 'Rocourt', 'Belgium', '4000'),
(2098, 'Roesbrugge-Haringe', 'Belgium', '8972'),
(2099, 'Roeselare', 'Belgium', '8800'),
(2100, 'Rogn?e', 'Belgium', '5651'),
(2101, 'Roisin', 'Belgium', '7387'),
(2102, 'Roksem', 'Belgium', '8460'),
(2103, 'Rollegem', 'Belgium', '8510'),
(2104, 'Rollegem-Kapelle', 'Belgium', '8880'),
(2105, 'Roloux', 'Belgium', '4347'),
(2106, 'Roly', 'Belgium', '5600'),
(2107, 'Romedenne', 'Belgium', '5600'),
(2108, 'Romer?e', 'Belgium', '5680'),
(2109, 'Romershoven', 'Belgium', '3730'),
(2110, 'Roms?e', 'Belgium', '4624'),
(2111, 'Rongy', 'Belgium', '7623'),
(2112, 'Ronqui?res', 'Belgium', '7090'),
(2113, 'Ronse', 'Belgium', '9600'),
(2114, 'Ronsele', 'Belgium', '9932'),
(2115, 'Roosbeek', 'Belgium', '3370'),
(2116, 'Roosdaal', 'Belgium', '1760'),
(2117, 'ROQUEFORT', 'Belgium', '40120'),
(2118, 'Ros?e', 'Belgium', '5620'),
(2119, 'Roselies', 'Belgium', '6250'),
(2120, 'Rosi?res', 'Belgium', '1331'),
(2121, 'Rosmeer', 'Belgium', '3740'),
(2122, 'Rosoux-Crenwick', 'Belgium', '4257'),
(2123, 'Rossignol', 'Belgium', '6730'),
(2124, 'Rotem', 'Belgium', '3650'),
(2125, 'Rotheux-Rimi?re', 'Belgium', '4120'),
(2126, 'Rotselaar', 'Belgium', '3110'),
(2127, 'Roucourt', 'Belgium', '7601'),
(2128, 'Rouveroy', 'Belgium', '7120'),
(2129, 'Rouvreux', 'Belgium', '4140'),
(2130, 'Rouvroy', 'Belgium', '6767'),
(2131, 'Roux', 'Belgium', '6044'),
(2132, 'Roux-Miroir', 'Belgium', '1315'),
(2133, 'Roy', 'Belgium', '6900'),
(2134, 'Rozebeke', 'Belgium', '9630'),
(2135, 'Ruddervoorde', 'Belgium', '8020'),
(2136, 'Ruette', 'Belgium', '6760'),
(2137, 'Ruien', 'Belgium', '9690'),
(2138, 'Ruisbroek', 'Belgium', '2870'),
(2139, 'Ruisbroek', 'Belgium', '1601'),
(2140, 'Ruiselede', 'Belgium', '8755'),
(2141, 'Rukkelingen-Loon', 'Belgium', '3870'),
(2142, 'Rulles', 'Belgium', '6724'),
(2143, 'Rumbeke', 'Belgium', '8800'),
(2144, 'Rumes', 'Belgium', '7610'),
(2145, 'Rumillies', 'Belgium', '7540'),
(2146, 'Rummen', 'Belgium', '3454'),
(2147, 'Rumsdorp', 'Belgium', '3400'),
(2148, 'Rumst', 'Belgium', '2840'),
(2149, 'Runkelen', 'Belgium', '3803'),
(2150, 'Rupelmonde', 'Belgium', '9150'),
(2151, 'Russeignies', 'Belgium', '7750'),
(2152, 'Rutten', 'Belgium', '3700'),
(2153, '''s', 'Belgium', '3798'),
(2154, '''s', 'Belgium', '2970'),
(2155, '''s', 'Belgium', '3700'),
(2156, 'Saint-Amand', 'Belgium', '6221'),
(2157, 'Saint-Andr?', 'Belgium', '4606'),
(2158, 'Saint-Aubin', 'Belgium', '5620'),
(2159, 'Saint-Denis', 'Belgium', '7034'),
(2160, 'Saint-Denis-Bovesse', 'Belgium', '5081'),
(2161, 'Sainte-C?cile', 'Belgium', '6820'),
(2162, 'Sainte-Marie-Chevigny', 'Belgium', '6800'),
(2163, 'Sainte-Marie-sur-Semois', 'Belgium', '6740'),
(2164, 'Sainte-Ode', 'Belgium', '6680'),
(2165, 'Saintes', 'Belgium', '1480'),
(2166, 'Saint-Georges-sur-Meuse', 'Belgium', '4470'),
(2167, 'Saint-G?rard', 'Belgium', '5640'),
(2168, 'Saint-Germain', 'Belgium', '5310'),
(2169, 'Saint-G?ry', 'Belgium', '1450'),
(2170, 'Saint-Ghislain', 'Belgium', '7330'),
(2171, 'Saint-Gilles', 'Belgium', '1060'),
(2172, 'Saint-Hubert', 'Belgium', '6870'),
(2173, 'Saint-Jean-Geest', 'Belgium', '1370'),
(2174, 'Saint-Josse-ten-Noode', 'Belgium', '1210'),
(2175, 'Saint-L?ger', 'Belgium', '7730'),
(2176, 'Saint-L?ger', 'Belgium', '6747'),
(2177, 'Saint-Marc', 'Belgium', '5003'),
(2178, 'Saint-Mard', 'Belgium', '6762'),
(2179, 'Saint-Martin', 'Belgium', '5190'),
(2180, 'Saint-Maur', 'Belgium', '7500'),
(2181, 'Saint-M?dard', 'Belgium', '6887'),
(2182, 'Saint-Nicolas', 'Belgium', '4420'),
(2183, 'Saint-Pierre', 'Belgium', '6800'),
(2184, 'Saint-Remy', 'Belgium', '6460'),
(2185, 'Saint-Remy', 'Belgium', '4672'),
(2186, 'Saint-Remy-Geest', 'Belgium', '1370'),
(2187, 'Saint-Sauveur', 'Belgium', '7912'),
(2188, 'Saint-Servais', 'Belgium', '5002'),
(2189, 'Saint-S?verin', 'Belgium', '4550'),
(2190, 'Saint-Symphorien', 'Belgium', '7030'),
(2191, 'Saint-Vaast', 'Belgium', '7100'),
(2192, 'Saint-Vincent', 'Belgium', '6730'),
(2193, 'Saint-Vith', 'Belgium', '4780'),
(2194, 'Saive', 'Belgium', '4671'),
(2195, 'Salles', 'Belgium', '6460'),
(2196, 'Samart', 'Belgium', '5600'),
(2197, 'Sambreville', 'Belgium', '5060'),
(2198, 'Samr?e', 'Belgium', '6982'),
(2199, 'Sankt', 'Belgium', '4780'),
(2200, 'Sars-la-Bruy?re', 'Belgium', '7080'),
(2201, 'Sars-la-Buissi?re', 'Belgium', '6542'),
(2202, 'Sart-Bernard', 'Belgium', '5330'),
(2203, 'Sart-Custinne', 'Belgium', '5575'),
(2204, 'Sart-Dames-Avelines', 'Belgium', '1495'),
(2205, 'Sart-en-Fagne', 'Belgium', '5600'),
(2206, 'Sart-Eustache', 'Belgium', '5070'),
(2207, 'Sart-lez-Spa', 'Belgium', '4845'),
(2208, 'Sart-Saint-Laurent', 'Belgium', '5070'),
(2209, 'Sautin', 'Belgium', '6470'),
(2210, 'Sautour', 'Belgium', '5600'),
(2211, 'Sauveni?re', 'Belgium', '5030'),
(2212, 'Schaarbeek', 'Belgium', '1030'),
(2213, 'Schaerbeek', 'Belgium', '1030'),
(2214, 'Schaffen', 'Belgium', '3290'),
(2215, 'Schalkhoven', 'Belgium', '3732'),
(2216, 'Schaltin', 'Belgium', '5364'),
(2217, 'Schelderode', 'Belgium', '9820'),
(2218, 'Scheldewindeke', 'Belgium', '9860'),
(2219, 'Schelle', 'Belgium', '2627'),
(2220, 'Schellebelle', 'Belgium', '9260'),
(2221, 'Schendelbeke', 'Belgium', '9506'),
(2222, 'Schepdaal', 'Belgium', '1703'),
(2223, 'Scherpenheuvel', 'Belgium', '3270'),
(2224, 'Schilde', 'Belgium', '2970'),
(2225, 'Schoenberg', 'Belgium', '4782'),
(2226, 'Sch?nberg', 'Belgium', '4782'),
(2227, 'Schoonaarde', 'Belgium', '9200'),
(2228, 'Schore', 'Belgium', '8433'),
(2229, 'Schorisse', 'Belgium', '9688'),
(2230, 'Schoten', 'Belgium', '2900'),
(2231, 'Schriek', 'Belgium', '2223'),
(2232, 'Schuiferskapelle', 'Belgium', '8700'),
(2233, 'Schulen', 'Belgium', '3540'),
(2234, 'Sclayn', 'Belgium', '5300'),
(2235, 'Scy', 'Belgium', '5361'),
(2236, 'Seilles', 'Belgium', '5300'),
(2237, 'S?lange', 'Belgium', '6781'),
(2238, 'Seloignes', 'Belgium', '6596'),
(2239, 'Semmerzake', 'Belgium', '9890'),
(2240, 'Seneffe', 'Belgium', '7180'),
(2241, 'Sensenruth', 'Belgium', '6832'),
(2242, 'Seny', 'Belgium', '4557'),
(2243, 'Senzeille', 'Belgium', '5630'),
(2244, 'Septon', 'Belgium', '6940'),
(2245, 'Seraing', 'Belgium', '4100'),
(2246, 'Seraing-le-Ch?teau', 'Belgium', '4537'),
(2247, 'Serinchamps', 'Belgium', '5590'),
(2248, 'Serskamp', 'Belgium', '9260'),
(2249, 'Serville', 'Belgium', '5521'),
(2250, 'Sibret', 'Belgium', '6640'),
(2251, 'Signeulx', 'Belgium', '6750'),
(2252, 'Sijsele', 'Belgium', '8340'),
(2253, 'Silenrieux', 'Belgium', '5630'),
(2254, 'Silly', 'Belgium', '7830'),
(2255, 'Sinaai-Waas', 'Belgium', '9112'),
(2256, 'Sinsin', 'Belgium', '5377'),
(2257, 'Sint-Agatha-Berchem', 'Belgium', '1080'),
(2258, 'Sint-Agatha-Rode', 'Belgium', '3040'),
(2259, 'Sint-Amands', 'Belgium', '2890'),
(2260, 'Sint-Amandsberg', 'Belgium', '9040'),
(2261, 'Sint-Andries', 'Belgium', '8200'),
(2262, 'Sint-Antelinks', 'Belgium', '9550'),
(2263, 'Sint-Baafs-Vijve', 'Belgium', '8710'),
(2264, 'Sint-Blasius-Boekel', 'Belgium', '9630'),
(2265, 'Sint-Denijs', 'Belgium', '8554'),
(2266, 'Sint-Denijs-Boekel', 'Belgium', '9630'),
(2267, 'Sint-Denijs-Westrem', 'Belgium', '9051'),
(2268, 'Sint-Eloois-Vijve', 'Belgium', '8793'),
(2269, 'Sint-Eloois-Winkel', 'Belgium', '8880'),
(2270, 'Sint-Genesius-Rode', 'Belgium', '1640'),
(2271, 'Sint-Gillis', 'Belgium', '1060'),
(2272, 'Sint-Gillis-Waas', 'Belgium', '9170'),
(2273, 'Sint-Goriks-Oudenhove', 'Belgium', '9620'),
(2274, 'Sint-Huibrechts-Hern', 'Belgium', '3730'),
(2275, 'Sint-Huibrechts-Lille', 'Belgium', '3910'),
(2276, 'Sint-Jacobs-Kapelle', 'Belgium', '8600'),
(2277, 'Sint-Jan', 'Belgium', '8900'),
(2278, 'Sint-Jan-in-Eremo', 'Belgium', '9982'),
(2279, 'Sint-Jans-Molenbeek', 'Belgium', '1080'),
(2280, 'Sint-Job-in-''t-Goor', 'Belgium', '2960'),
(2281, 'Sint-Joost-ten-Node', 'Belgium', '1210'),
(2282, 'Sint-Joris', 'Belgium', '8730'),
(2283, 'Sint-Joris', 'Belgium', '8620'),
(2284, 'Sint-Joris-Weert', 'Belgium', '3051'),
(2285, 'Sint-Joris-Winge', 'Belgium', '3390'),
(2286, 'Sint-Katelijne-Waver', 'Belgium', '2860'),
(2287, 'Sint-Katherina-lombeek', 'Belgium', '1742'),
(2288, 'Sint-Kornelis-Horebeke', 'Belgium', '9667'),
(2289, 'Sint-Kruis', 'Belgium', '8310'),
(2290, 'Sint-Kruis-Winkel', 'Belgium', '9042'),
(2291, 'Sint-Kwintens-Lennik', 'Belgium', '1750'),
(2292, 'Sint-Lambrechts-Herk', 'Belgium', '3500'),
(2293, 'Sint-Lambrechts-Woluwe', 'Belgium', '1200'),
(2294, 'Sint-Laureins', 'Belgium', '9980'),
(2295, 'Sint-Laureins-Berchem', 'Belgium', '1600'),
(2296, 'Sint-Lenaerts', 'Belgium', '2960'),
(2297, 'Sint-Lievens-Esse', 'Belgium', '9550'),
(2298, 'Sint-Lievens-Houtem', 'Belgium', '9520'),
(2299, 'Sint-Margriete', 'Belgium', '9981'),
(2300, 'Sint-Maria-Horebeke', 'Belgium', '9667'),
(2301, 'Sint-Maria-Latem', 'Belgium', '9630'),
(2302, 'Sint-Maria-Lierde', 'Belgium', '9570'),
(2303, 'Sint-Martens-Bodegem', 'Belgium', '1700'),
(2304, 'Sint-Martens-Latem', 'Belgium', '9830'),
(2305, 'Sint-Martens-Leerne', 'Belgium', '9800'),
(2306, 'Sint-Martens-Lennik', 'Belgium', '1750'),
(2307, 'Sint-Martens-Lierde', 'Belgium', '9572'),
(2308, 'Sint-Martens-Voeren', 'Belgium', '3790'),
(2309, 'Sint-Michiels', 'Belgium', '8200'),
(2310, 'Sint-Niklaas', 'Belgium', '9100'),
(2311, 'Sint-Pauwels', 'Belgium', '9170'),
(2312, 'Sint-Pieters-Kapelle', 'Belgium', '1541'),
(2313, 'Sint-Pieters-Leeuw', 'Belgium', '1600'),
(2314, 'Sint-Pieters-Rode', 'Belgium', '3220'),
(2315, 'Sint-Pieters-Voeren', 'Belgium', '3792'),
(2316, 'Sint-Pieters-Woluwe', 'Belgium', '1150'),
(2317, 'Sint-Rijkers', 'Belgium', '8690'),
(2318, 'Sint-Stevens-Woluwe', 'Belgium', '1932'),
(2319, 'Sint-Truiden', 'Belgium', '3800'),
(2320, 'Sint-Ulriks-Kapelle', 'Belgium', '1700'),
(2321, 'Sippenaeken', 'Belgium', '4851'),
(2322, 'Sirault', 'Belgium', '7332'),
(2323, 'Sivry', 'Belgium', '6470'),
(2324, 'Sivry-Rance', 'Belgium', '6470'),
(2325, 'Sleidinge', 'Belgium', '9940'),
(2326, 'Slijpe', 'Belgium', '8433'),
(2327, 'Slins', 'Belgium', '4450'),
(2328, 'Sluizen', 'Belgium', '3700'),
(2329, 'Smeerebbe-Vloerzegem', 'Belgium', '9506'),
(2330, 'Smetlede', 'Belgium', '9340'),
(2331, 'Smuid', 'Belgium', '6890'),
(2332, 'Snaaskerke', 'Belgium', '8470'),
(2333, 'Snellegem', 'Belgium', '8490'),
(2334, 'Soheit-Tinlot', 'Belgium', '4557'),
(2335, 'Sohier', 'Belgium', '6920'),
(2336, 'Soignies', 'Belgium', '7060'),
(2337, 'Soiron', 'Belgium', '4861'),
(2338, 'Solre-Saint-G?ry', 'Belgium', '6500'),
(2339, 'Solre-sur-Sambre', 'Belgium', '6560'),
(2340, 'Sombreffe', 'Belgium', '5140'),
(2341, 'Somme-Leuze', 'Belgium', '5377'),
(2342, 'Sommethonne', 'Belgium', '6769'),
(2343, 'Sommi?re', 'Belgium', '5523'),
(2344, 'Somz?e', 'Belgium', '5651'),
(2345, 'Sor?e', 'Belgium', '5340'),
(2346, 'Sorinne-la-Longue', 'Belgium', '5333'),
(2347, 'Sorinnes', 'Belgium', '5503'),
(2348, 'Sosoye', 'Belgium', '5537'),
(2349, 'Sougn?-Remouchamps', 'Belgium', '4920'),
(2350, 'Soulme', 'Belgium', '5680'),
(2351, 'Soumagne', 'Belgium', '4630'),
(2352, 'Soumoy', 'Belgium', '5630'),
(2353, 'Sourbrodt', 'Belgium', '4950'),
(2354, 'Souvret', 'Belgium', '6182'),
(2355, 'Sovet', 'Belgium', '5590'),
(2356, 'Soy', 'Belgium', '6997'),
(2357, 'Soye', 'Belgium', '5150'),
(2358, 'Spa', 'Belgium', '4900'),
(2359, 'Spalbeek', 'Belgium', '3510'),
(2360, 'Spiennes', 'Belgium', '7032'),
(2361, 'Spiere', 'Belgium', '8587'),
(2362, 'Spiere-Helkijn', 'Belgium', '8587'),
(2363, 'Spontin', 'Belgium', '5530'),
(2364, 'Sprimont', 'Belgium', '4140'),
(2365, 'Spy', 'Belgium', '5190'),
(2366, 'Stabroek', 'Belgium', '2940'),
(2367, 'Staden', 'Belgium', '8840'),
(2368, 'Stalhille', 'Belgium', '8490'),
(2369, 'Stambruges', 'Belgium', '7973'),
(2370, 'Stave', 'Belgium', '5646'),
(2371, 'Stavele', 'Belgium', '8691'),
(2372, 'Stavelot', 'Belgium', '4970'),
(2373, 'Steendorp', 'Belgium', '9140'),
(2374, 'Steenhuffel', 'Belgium', '1840'),
(2375, 'Steenhuize-Wijnhuize', 'Belgium', '9550'),
(2376, 'Steenkerke', 'Belgium', '8630'),
(2377, 'Steenkerque', 'Belgium', '7090'),
(2378, 'Steenokkerzeel', 'Belgium', '1820'),
(2379, 'Stekene', 'Belgium', '9190'),
(2380, 'Stembert', 'Belgium', '4801'),
(2381, 'Stene', 'Belgium', '8400'),
(2382, 'Sterrebeek', 'Belgium', '1933'),
(2383, 'Stevoort', 'Belgium', '3512'),
(2384, 'St-Gillis-bij-Dendermonde', 'Belgium', '9200'),
(2385, 'St-Margriete', 'Belgium', '3470'),
(2386, 'St-Margriete-Houtem(Tien.)', 'Belgium', '3300'),
(2387, 'St-Maria-Oudenhove(Brakel)', 'Belgium', '9660'),
(2388, 'St-Maria-Oudenhove(Zott.)', 'Belgium', '9620'),
(2389, 'Stokkem', 'Belgium', '3650'),
(2390, 'Stokrooie', 'Belgium', '3511'),
(2391, 'Stoumont', 'Belgium', '4987'),
(2392, 'St-Pieters-Kapelle(W.-Vl.)', 'Belgium', '8433'),
(2393, 'Straimont', 'Belgium', '6887'),
(2394, 'Str?e', 'Belgium', '6511'),
(2395, 'Str?e-lez-Huy', 'Belgium', '4577'),
(2396, 'Str?py-Bracquegnies', 'Belgium', '7110'),
(2397, 'Strijpen', 'Belgium', '9620'),
(2398, 'Strijtem', 'Belgium', '1760'),
(2399, 'Strombeek-Bever', 'Belgium', '1853'),
(2400, 'Stuivekenskerke', 'Belgium', '8600'),
(2401, 'Suarl?e', 'Belgium', '5020'),
(2402, 'Sugny', 'Belgium', '5550'),
(2403, 'Surice', 'Belgium', '5600'),
(2404, 'Suxy', 'Belgium', '6812'),
(2405, 'Tailles', 'Belgium', '6661'),
(2406, 'Taintignies', 'Belgium', '7618'),
(2407, 'Tamines', 'Belgium', '5060'),
(2408, 'Tarcienne', 'Belgium', '5651'),
(2409, 'Tavier', 'Belgium', '4163'),
(2410, 'Taviers', 'Belgium', '5310'),
(2411, 'Tavigny', 'Belgium', '6662'),
(2412, 'Tellin', 'Belgium', '6927'),
(2413, 'Templeuve', 'Belgium', '7520'),
(2414, 'Temploux', 'Belgium', '5020'),
(2415, 'Temse', 'Belgium', '9140'),
(2416, 'Tenneville', 'Belgium', '6970'),
(2417, 'Teralfene', 'Belgium', '1790'),
(2418, 'Terhagen', 'Belgium', '2840'),
(2419, 'Termes', 'Belgium', '6813'),
(2420, 'Ternat', 'Belgium', '1740'),
(2421, 'Tertre', 'Belgium', '7333'),
(2422, 'Tervuren', 'Belgium', '3080'),
(2423, 'Terwagne', 'Belgium', '4560'),
(2424, 'Tessenderlo', 'Belgium', '3980'),
(2425, 'Testelt', 'Belgium', '3272'),
(2426, 'Teuven', 'Belgium', '3793'),
(2427, 'Theux', 'Belgium', '4910'),
(2428, 'Thiaumont', 'Belgium', '6717'),
(2429, 'Thieu', 'Belgium', '7070'),
(2430, 'Thieulain', 'Belgium', '7901'),
(2431, 'Thieusies', 'Belgium', '7061'),
(2432, 'Thim?on', 'Belgium', '6230'),
(2433, 'Thimister', 'Belgium', '4890'),
(2434, 'Thimister-Clermont', 'Belgium', '4890'),
(2435, 'Thimougies', 'Belgium', '7533'),
(2436, 'Thines', 'Belgium', '1402'),
(2437, 'Thirimont', 'Belgium', '6500'),
(2438, 'Thisnes', 'Belgium', '4280'),
(2439, 'Thommen', 'Belgium', '4791'),
(2440, 'Thon', 'Belgium', '5300'),
(2441, 'Thorembais-les-B?guines', 'Belgium', '1360'),
(2442, 'Thorembais-Saint-Trond', 'Belgium', '1360'),
(2443, 'Thoricourt', 'Belgium', '7830'),
(2444, 'Thuillies', 'Belgium', '6536'),
(2445, 'Thuin', 'Belgium', '6530'),
(2446, 'Thulin', 'Belgium', '7350'),
(2447, 'Thumaide', 'Belgium', '7971'),
(2448, 'Thy-le-Bauduin', 'Belgium', '5621'),
(2449, 'Thy-le-Ch?teau', 'Belgium', '5651'),
(2450, 'Thynes', 'Belgium', '5502'),
(2451, 'Thys', 'Belgium', '4367'),
(2452, 'Tiegem', 'Belgium', '8573'),
(2453, 'Tielen', 'Belgium', '2460'),
(2454, 'Tielrode', 'Belgium', '9140'),
(2455, 'Tielt', 'Belgium', '8700'),
(2456, 'Tielt', 'Belgium', '3390'),
(2457, 'Tienen', 'Belgium', '3300'),
(2458, 'Tign?e', 'Belgium', '4630'),
(2459, 'Tihange', 'Belgium', '4500'),
(2460, 'Tildonk', 'Belgium', '3150'),
(2461, 'Tilff', 'Belgium', '4130'),
(2462, 'Tillet', 'Belgium', '6680'),
(2463, 'Tilleur', 'Belgium', '4420'),
(2464, 'Tillier', 'Belgium', '5380'),
(2465, 'Tilly', 'Belgium', '1495'),
(2466, 'Tinlot', 'Belgium', '4557'),
(2467, 'Tintange', 'Belgium', '6637'),
(2468, 'Tintigny', 'Belgium', '6730'),
(2469, 'Tisselt', 'Belgium', '2830'),
(2470, 'Toernich', 'Belgium', '6700'),
(2471, 'Tohogne', 'Belgium', '6941'),
(2472, 'Tollembeek', 'Belgium', '1570'),
(2473, 'Tongeren', 'Belgium', '3700'),
(2474, 'Tongerlo', 'Belgium', '2260'),
(2475, 'Tongerlo', 'Belgium', '3960'),
(2476, 'Tongre-Notre-Dame', 'Belgium', '7951'),
(2477, 'Tongre-Saint-Martin', 'Belgium', '7950'),
(2478, 'Tongrinne', 'Belgium', '5140'),
(2479, 'Tontelange', 'Belgium', '6717'),
(2480, 'Torgny', 'Belgium', '6767'),
(2481, 'Torhout', 'Belgium', '8820'),
(2482, 'Tourinne', 'Belgium', '4263'),
(2483, 'Tourinnes-la-Grosse', 'Belgium', '1320'),
(2484, 'Tourinnes-Saint-Lambert', 'Belgium', '1457'),
(2485, 'Tournai', 'Belgium', '7500'),
(2486, 'Tournay', 'Belgium', '6840'),
(2487, 'Tourpes', 'Belgium', '7904'),
(2488, 'Transinne', 'Belgium', '6890'),
(2489, 'Trazegnies', 'Belgium', '6183'),
(2490, 'Treignes', 'Belgium', '5670'),
(2491, 'Trembleur', 'Belgium', '4670'),
(2492, 'Tremelo', 'Belgium', '3120'),
(2493, 'Trivi?res', 'Belgium', '7100'),
(2494, 'Trogn?e', 'Belgium', '4280'),
(2495, 'Trois-Ponts', 'Belgium', '4980'),
(2496, 'Trooz', 'Belgium', '4870'),
(2497, 'Tubize', 'Belgium', '1480'),
(2498, 'Turnhout', 'Belgium', '2300'),
(2499, 'Uccle', 'Belgium', '1180'),
(2500, 'Ucimont', 'Belgium', '6833'),
(2501, 'Uikhoven', 'Belgium', '3631'),
(2502, 'Uitbergen', 'Belgium', '9290'),
(2503, 'Uitkerke', 'Belgium', '8370'),
(2504, 'Ukkel', 'Belgium', '1180'),
(2505, 'Ulbeek', 'Belgium', '3832'),
(2506, 'Upigny', 'Belgium', '5310'),
(2507, 'Ursel', 'Belgium', '9910'),
(2508, 'Vaalbeek', 'Belgium', '3054'),
(2509, 'Val-Meer', 'Belgium', '3770'),
(2510, 'Vance', 'Belgium', '6741'),
(2511, 'Varendonk', 'Belgium', '2431'),
(2512, 'Varsenare', 'Belgium', '8490'),
(2513, 'Vaucelles', 'Belgium', '5680'),
(2514, 'Vaulx', 'Belgium', '7536'),
(2515, 'Vaulx-lez-Chimay', 'Belgium', '6462'),
(2516, 'Vaux-Chavanne', 'Belgium', '6960'),
(2517, 'Vaux-et-Borset', 'Belgium', '4530'),
(2518, 'Vaux-lez-Rosi?res', 'Belgium', '6640'),
(2519, 'Vaux-sous-Ch?vremont', 'Belgium', '4051'),
(2520, 'Vaux-sur-S?re', 'Belgium', '6640'),
(2521, 'Vechmaal', 'Belgium', '3870'),
(2522, 'Vedrin', 'Belgium', '5020'),
(2523, 'Veerle', 'Belgium', '2431'),
(2524, 'Velaines', 'Belgium', '7760'),
(2525, 'Velaine-sur-Sambre', 'Belgium', '5060'),
(2526, 'Veldegem', 'Belgium', '8210'),
(2527, 'Veldwezelt', 'Belgium', '3620'),
(2528, 'Vellereille-les-Brayeux', 'Belgium', '7120'),
(2529, 'Vellereille-le-Sec', 'Belgium', '7120'),
(2530, 'Velm', 'Belgium', '3806'),
(2531, 'Velroux', 'Belgium', '4460'),
(2532, 'Veltem-Beisem', 'Belgium', '3020'),
(2533, 'Velzeke-Ruddershove', 'Belgium', '9620'),
(2534, 'Vencimont', 'Belgium', '5575'),
(2535, 'Vergnies', 'Belgium', '6440'),
(2536, 'Verlaine', 'Belgium', '4537'),
(2537, 'Verl?e', 'Belgium', '5370'),
(2538, 'Verrebroek', 'Belgium', '9130'),
(2539, 'Vertrijk', 'Belgium', '3370'),
(2540, 'Verviers', 'Belgium', '4800'),
(2541, 'Vesqueville', 'Belgium', '6870'),
(2542, 'Veulen', 'Belgium', '3870'),
(2543, 'Veurne', 'Belgium', '8630'),
(2544, 'Vezin', 'Belgium', '5300'),
(2545, 'Vezon', 'Belgium', '7538'),
(2546, 'Viane', 'Belgium', '9500'),
(2547, 'Vichte', 'Belgium', '8570'),
(2548, 'Vielsalm', 'Belgium', '6690'),
(2549, 'Viemme', 'Belgium', '4317'),
(2550, 'Viersel', 'Belgium', '2240'),
(2551, 'Vierset-Barse', 'Belgium', '4577'),
(2552, 'Vierves-sur-Viroin', 'Belgium', '5670'),
(2553, 'Viesville', 'Belgium', '6230'),
(2554, 'Vieux-Genappe', 'Belgium', '1472'),
(2555, 'Vieuxville', 'Belgium', '4190'),
(2556, 'Vieux-Waleffe', 'Belgium', '4530'),
(2557, 'Villance', 'Belgium', '6890'),
(2558, 'Ville-en-Hesbaye', 'Belgium', '4260'),
(2559, 'VILLENEUVE', 'Belgium', '69650'),
(2560, 'VILLENEUVE', 'Belgium', '59650'),
(2561, 'VILLENEUVE', 'Belgium', '59651'),
(2562, 'Ville-Pommeroeul', 'Belgium', '7322'),
(2563, 'Villerot', 'Belgium', '7334'),
(2564, 'Villers-aux-Tours', 'Belgium', '4161'),
(2565, 'Villers-Deux-Eglises', 'Belgium', '5630'),
(2566, 'Villers-devant-Orval', 'Belgium', '6823'),
(2567, 'Villers-en-Fagne', 'Belgium', '5600'),
(2568, 'Villers-la-Bonne-Eau', 'Belgium', '6600'),
(2569, 'Villers-la-Loue', 'Belgium', '6769'),
(2570, 'Villers-la-Tour', 'Belgium', '6460'),
(2571, 'Villers-la-Ville', 'Belgium', '1495'),
(2572, 'Villers-le-Bouillet', 'Belgium', '4530'),
(2573, 'Villers-le-Gambon', 'Belgium', '5600'),
(2574, 'Villers-le-Peuplier', 'Belgium', '4280'),
(2575, 'Villers-le-Temple', 'Belgium', '4550'),
(2576, 'Villers-l''Ev?que', 'Belgium', '4340'),
(2577, 'Villers-lez-Heest', 'Belgium', '5080'),
(2578, 'Villers-Notre-Dame', 'Belgium', '7812'),
(2579, 'Villers-Perwin', 'Belgium', '6210'),
(2580, 'Villers-Poterie', 'Belgium', '6280'),
(2581, 'Villers-Saint-Amand', 'Belgium', '7812'),
(2582, 'Villers-Sainte-Gertrude', 'Belgium', '6941'),
(2583, 'Villers-Saint-Ghislain', 'Belgium', '7031'),
(2584, 'Villers-Saint-Sim?on', 'Belgium', '4453'),
(2585, 'Villers-sur-Lesse', 'Belgium', '5580'),
(2586, 'Villers-sur-Semois', 'Belgium', '6740'),
(2587, 'Ville-sur-Haine', 'Belgium', '7021'),
(2588, 'Ville-sur-Haine(Le', 'Belgium', '7070'),
(2589, 'Vilvoorde', 'Belgium', '1800'),
(2590, 'Vinalmont', 'Belgium', '4520'),
(2591, 'Vinderhoute', 'Belgium', '9921'),
(2592, 'Vinkem', 'Belgium', '8630'),
(2593, 'Vinkt', 'Belgium', '9800'),
(2594, 'Virelles', 'Belgium', '6461'),
(2595, 'Virginal-Samme', 'Belgium', '1460'),
(2596, 'Viroinval', 'Belgium', '5670'),
(2597, 'Virton', 'Belgium', '6760'),
(2598, 'Vis?', 'Belgium', '4600'),
(2599, 'Vissenaken', 'Belgium', '3300'),
(2600, 'Vitrival', 'Belgium', '5070'),
(2601, 'Vivegnis', 'Belgium', '4683'),
(2602, 'Vivy', 'Belgium', '6833'),
(2603, 'Vladslo', 'Belgium', '8600'),
(2604, 'Vlamertinge', 'Belgium', '8908'),
(2605, 'Vlekkem', 'Belgium', '9420'),
(2606, 'Vleteren', 'Belgium', '8640'),
(2607, 'Vlezenbeek', 'Belgium', '1602'),
(2608, 'Vliermaal', 'Belgium', '3724'),
(2609, 'Vliermaalroot', 'Belgium', '3721'),
(2610, 'Vlierzele', 'Belgium', '9520'),
(2611, 'Vlijtingen', 'Belgium', '3770'),
(2612, 'Vlimmeren', 'Belgium', '2340'),
(2613, 'Vlissegem', 'Belgium', '8421'),
(2614, 'Vloesberg', 'Belgium', '7880'),
(2615, 'Vodec?e', 'Belgium', '5600'),
(2616, 'Vodel?e', 'Belgium', '5680'),
(2617, 'Voeren', 'Belgium', '3790'),
(2618, 'Vogen?e', 'Belgium', '5650'),
(2619, 'Volkegem', 'Belgium', '9700'),
(2620, 'Vollezele', 'Belgium', '1570'),
(2621, 'Von?che', 'Belgium', '5570'),
(2622, 'Voorde', 'Belgium', '9400'),
(2623, 'Voormezele', 'Belgium', '8902'),
(2624, 'Voort', 'Belgium', '3840'),
(2625, 'Voroux-Goreux', 'Belgium', '4347'),
(2626, 'Voroux-lez-Liers', 'Belgium', '4451'),
(2627, 'Vorselaar', 'Belgium', '2290'),
(2628, 'Vorsen', 'Belgium', '3890'),
(2629, 'Vorst', 'Belgium', '1190'),
(2630, 'Vorst', 'Belgium', '2430'),
(2631, 'Vosselaar', 'Belgium', '2350'),
(2632, 'Vosselare', 'Belgium', '9850'),
(2633, 'Vossem', 'Belgium', '3080'),
(2634, 'Vottem', 'Belgium', '4041'),
(2635, 'Vrasene', 'Belgium', '9120'),
(2636, 'Vremde', 'Belgium', '2531'),
(2637, 'Vreren', 'Belgium', '3700'),
(2638, 'Vresse-sur-Semois', 'Belgium', '5550'),
(2639, 'Vroenhoven', 'Belgium', '3770'),
(2640, 'Vucht', 'Belgium', '3630'),
(2641, 'Vurste', 'Belgium', '9890'),
(2642, 'Vyle-et-Tharoul', 'Belgium', '4570'),
(2643, 'Waanrode', 'Belgium', '3473'),
(2644, 'Waarbeke', 'Belgium', '9506'),
(2645, 'Waardamme', 'Belgium', '8020'),
(2646, 'Waarloos', 'Belgium', '2550'),
(2647, 'Waarmaarde', 'Belgium', '8581'),
(2648, 'Waarschoot', 'Belgium', '9950'),
(2649, 'Waasmont', 'Belgium', '3401'),
(2650, 'Waasmunster', 'Belgium', '9250'),
(2651, 'Waasten', 'Belgium', '7784');
INSERT INTO `domicile` (`ID`, `CITY`, `COUNTRY`, `POSTALCODE`) VALUES
(2652, 'Wachtebeke', 'Belgium', '9185'),
(2653, 'Wadelincourt', 'Belgium', '7971'),
(2654, 'Wagnel?e', 'Belgium', '6223'),
(2655, 'Waha', 'Belgium', '6900'),
(2656, 'Waillet', 'Belgium', '5377'),
(2657, 'Waimes', 'Belgium', '4950'),
(2658, 'Wakken', 'Belgium', '8720'),
(2659, 'Walcourt', 'Belgium', '5650'),
(2660, 'Walem', 'Belgium', '2800'),
(2661, 'Walhain', 'Belgium', '1457'),
(2662, 'Walhain-Saint-Paul', 'Belgium', '1457'),
(2663, 'Walhorn', 'Belgium', '4711'),
(2664, 'Walsbets', 'Belgium', '3401'),
(2665, 'Walshoutem', 'Belgium', '3401'),
(2666, 'Waltwilder', 'Belgium', '3740'),
(2667, 'Wambeek', 'Belgium', '1741'),
(2668, 'Wancennes', 'Belgium', '5570'),
(2669, 'Wandre', 'Belgium', '4020'),
(2670, 'Wanferc?e-Baulet', 'Belgium', '6224'),
(2671, 'Wange', 'Belgium', '3400'),
(2672, 'Wangenies', 'Belgium', '6220'),
(2673, 'Wanlin', 'Belgium', '5564'),
(2674, 'Wanne', 'Belgium', '4980'),
(2675, 'Wannebecq', 'Belgium', '7861'),
(2676, 'Wannegem-Lede', 'Belgium', '9772'),
(2677, 'Wansin', 'Belgium', '4280'),
(2678, 'Wanze', 'Belgium', '4520'),
(2679, 'Wanzele', 'Belgium', '9340'),
(2680, 'Warchin', 'Belgium', '7548'),
(2681, 'Warcoing', 'Belgium', '7740'),
(2682, 'Wardin', 'Belgium', '6600'),
(2683, 'Waregem', 'Belgium', '8790'),
(2684, 'Waremme', 'Belgium', '4300'),
(2685, 'Waret-la-Chauss?e', 'Belgium', '5310'),
(2686, 'Waret-l''Ev?que', 'Belgium', '4217'),
(2687, 'Warisoulx', 'Belgium', '5080'),
(2688, 'Warnant', 'Belgium', '5537'),
(2689, 'Warnant-Dreye', 'Belgium', '4530'),
(2690, 'Warneton', 'Belgium', '7784'),
(2691, 'Warquignies', 'Belgium', '7340'),
(2692, 'Warsage', 'Belgium', '4608'),
(2693, 'Warz?e', 'Belgium', '4590'),
(2694, 'Wasmes', 'Belgium', '7340'),
(2695, 'Wasmes-Audemez-Briffoeil', 'Belgium', '7604'),
(2696, 'Wasmuel', 'Belgium', '7390'),
(2697, 'Wasseiges', 'Belgium', '4219'),
(2698, 'Waterland-Oudeman', 'Belgium', '9988'),
(2699, 'Waterloo', 'Belgium', '1410'),
(2700, 'Watermaal-Bosvoorde', 'Belgium', '1170'),
(2701, 'Watermael-Boitsfort', 'Belgium', '1170'),
(2702, 'Watervliet', 'Belgium', '9988'),
(2703, 'Watou', 'Belgium', '8978'),
(2704, 'Wattripont', 'Belgium', '7910'),
(2705, 'Waudrez', 'Belgium', '7131'),
(2706, 'Waulsort', 'Belgium', '5540'),
(2707, 'Wauthier-Braine', 'Belgium', '1440'),
(2708, 'Wavre', 'Belgium', '1300'),
(2709, 'Wavreille', 'Belgium', '5580'),
(2710, 'Wayaux', 'Belgium', '6210'),
(2711, 'Ways', 'Belgium', '1474'),
(2712, 'Webbekom', 'Belgium', '3290'),
(2713, 'Wechelderzande', 'Belgium', '2275'),
(2714, 'Weelde', 'Belgium', '2381'),
(2715, 'Weerde', 'Belgium', '1982'),
(2716, 'Weert', 'Belgium', '2880'),
(2717, 'Wegnez', 'Belgium', '4860'),
(2718, 'Weillen', 'Belgium', '5523'),
(2719, 'Weismes', 'Belgium', '4950'),
(2720, 'Welden', 'Belgium', '9700'),
(2721, 'Welkenraedt', 'Belgium', '4840'),
(2722, 'Welle', 'Belgium', '9473'),
(2723, 'Wellen', 'Belgium', '3830'),
(2724, 'Wellin', 'Belgium', '6920'),
(2725, 'Wemmel', 'Belgium', '1780'),
(2726, 'Wenduine', 'Belgium', '8420'),
(2727, 'W?pion', 'Belgium', '5100'),
(2728, 'Werbomont', 'Belgium', '4190'),
(2729, 'Werchter', 'Belgium', '3118'),
(2730, 'W?ris', 'Belgium', '6940'),
(2731, 'Werken', 'Belgium', '8610'),
(2732, 'Werm', 'Belgium', '3730'),
(2733, 'Wervik', 'Belgium', '8940'),
(2734, 'Wespelaar', 'Belgium', '3150'),
(2735, 'Westende', 'Belgium', '8434'),
(2736, 'Westerlo', 'Belgium', '2260'),
(2737, 'Westkapelle', 'Belgium', '8300'),
(2738, 'Westkerke', 'Belgium', '8460'),
(2739, 'Westmalle', 'Belgium', '2390'),
(2740, 'Westmeerbeek', 'Belgium', '2235'),
(2741, 'Westouter', 'Belgium', '8954'),
(2742, 'Westrem', 'Belgium', '9230'),
(2743, 'Westrozebeke', 'Belgium', '8840'),
(2744, 'Westvleteren', 'Belgium', '8640'),
(2745, 'Wetteren', 'Belgium', '9230'),
(2746, 'Wevelgem', 'Belgium', '8560'),
(2747, 'Wezemaal', 'Belgium', '3111'),
(2748, 'Wezembeek-Oppem', 'Belgium', '1970'),
(2749, 'Wezeren', 'Belgium', '3401'),
(2750, 'Wez-Velvain', 'Belgium', '7620'),
(2751, 'Wibrin', 'Belgium', '6666'),
(2752, 'Wichelen', 'Belgium', '9260'),
(2753, 'Widooie', 'Belgium', '3700'),
(2754, 'Wiekevorst', 'Belgium', '2222'),
(2755, 'Wielsbeke', 'Belgium', '8710'),
(2756, 'Wierde', 'Belgium', '5100'),
(2757, 'Wiers', 'Belgium', '7608'),
(2758, 'Wiesme', 'Belgium', '5571'),
(2759, 'Wieze', 'Belgium', '9280'),
(2760, 'Wih?ries', 'Belgium', '7370'),
(2761, 'Wihogne', 'Belgium', '4452'),
(2762, 'Wijchmaal', 'Belgium', '3990'),
(2763, 'Wijer', 'Belgium', '3850'),
(2764, 'Wijgmaal', 'Belgium', '3018'),
(2765, 'Wijnegem', 'Belgium', '2110'),
(2766, 'Wijshagen', 'Belgium', '3670'),
(2767, 'Wijtschate', 'Belgium', '8953'),
(2768, 'Wilderen', 'Belgium', '3803'),
(2769, 'Willaupuis', 'Belgium', '7904'),
(2770, 'Willebringen', 'Belgium', '3370'),
(2771, 'Willebroek', 'Belgium', '2830'),
(2772, 'Willemeau', 'Belgium', '7506'),
(2773, 'Willerzie', 'Belgium', '5575'),
(2774, 'Wilrijk', 'Belgium', '2610'),
(2775, 'Wilsele', 'Belgium', '3012'),
(2776, 'Wilskerke', 'Belgium', '8431'),
(2777, 'Wimmertingen', 'Belgium', '3501'),
(2778, 'Winenne', 'Belgium', '5570'),
(2779, 'Wingene', 'Belgium', '8750'),
(2780, 'Winksele', 'Belgium', '3020'),
(2781, 'Wintershoven', 'Belgium', '3722'),
(2782, 'Witry', 'Belgium', '6860'),
(2783, 'Wodecq', 'Belgium', '7890'),
(2784, 'Woesten', 'Belgium', '8640'),
(2785, 'Wolkrange', 'Belgium', '6780'),
(2786, 'Woluw?-Saint-Lambert', 'Belgium', '1200'),
(2787, 'Woluw?-Saint-Pierre', 'Belgium', '1150'),
(2788, 'Wolvertem', 'Belgium', '1861'),
(2789, 'Wommelgem', 'Belgium', '2160'),
(2790, 'Wommersom', 'Belgium', '3350'),
(2791, 'Wonck', 'Belgium', '4690'),
(2792, 'Wondelgem', 'Belgium', '9032'),
(2793, 'Wontergem', 'Belgium', '9800'),
(2794, 'Wortegem', 'Belgium', '9790'),
(2795, 'Wortegem-Petegem', 'Belgium', '9790'),
(2796, 'Wortel', 'Belgium', '2323'),
(2797, 'Woubrechtegem', 'Belgium', '9550'),
(2798, 'Woumen', 'Belgium', '8600'),
(2799, 'Wulpen', 'Belgium', '8670'),
(2800, 'Wulvergem', 'Belgium', '8952'),
(2801, 'Wulveringem', 'Belgium', '8630'),
(2802, 'Wuustwezel', 'Belgium', '2990'),
(2803, 'Xhendelesse', 'Belgium', '4652'),
(2804, 'Xhendremael', 'Belgium', '4432'),
(2805, 'Xhoris', 'Belgium', '4190'),
(2806, 'Yern?e-Fraineux', 'Belgium', '4550'),
(2807, 'Yves-Gomez?e', 'Belgium', '5650'),
(2808, 'Yvoir', 'Belgium', '5530'),
(2809, 'Zaffelare', 'Belgium', '9080'),
(2810, 'Zandbergen', 'Belgium', '9506'),
(2811, 'Zande', 'Belgium', '8680'),
(2812, 'Zandhoven', 'Belgium', '2240'),
(2813, 'Zandvliet', 'Belgium', '2040'),
(2814, 'Zandvoorde', 'Belgium', '8400'),
(2815, 'Zandvoorde', 'Belgium', '8980'),
(2816, 'Zarlardinge', 'Belgium', '9500'),
(2817, 'Zarren', 'Belgium', '8610'),
(2818, 'Zaventem', 'Belgium', '1930'),
(2819, 'Zedelgem', 'Belgium', '8210'),
(2820, 'Zeebrugge', 'Belgium', '8380'),
(2821, 'Zegelsem', 'Belgium', '9660'),
(2822, 'Zele', 'Belgium', '9240'),
(2823, 'Zelem', 'Belgium', '3545'),
(2824, 'Zellik', 'Belgium', '1731'),
(2825, 'Zelzate', 'Belgium', '9060'),
(2826, 'Zemst', 'Belgium', '1980'),
(2827, 'Zepperen', 'Belgium', '3800'),
(2828, 'Zerkegem', 'Belgium', '8490'),
(2829, 'Z?trud-Lumay', 'Belgium', '1370'),
(2830, 'Zevekote', 'Belgium', '8470'),
(2831, 'Zeveneken', 'Belgium', '9080'),
(2832, 'Zeveren', 'Belgium', '9800'),
(2833, 'Zevergem', 'Belgium', '9840'),
(2834, 'Zichem', 'Belgium', '3271'),
(2835, 'Zichen-Zussen-Bolder', 'Belgium', '3770'),
(2836, 'Zillebeke', 'Belgium', '8902'),
(2837, 'Zingem', 'Belgium', '9750'),
(2838, 'Zoerle-Parwijs', 'Belgium', '2260'),
(2839, 'Zoersel', 'Belgium', '2980'),
(2840, 'Zolder', 'Belgium', '3550'),
(2841, 'Zomergem', 'Belgium', '9930'),
(2842, 'Zonhoven', 'Belgium', '3520'),
(2843, 'Zonnebeke', 'Belgium', '8980'),
(2844, 'Zonnegem', 'Belgium', '9520'),
(2845, 'Zottegem', 'Belgium', '9620'),
(2846, 'Zoutenaaie', 'Belgium', '8630'),
(2847, 'Zoutleeuw', 'Belgium', '3440'),
(2848, 'Zuidschote', 'Belgium', '8904'),
(2849, 'Zuienkerke', 'Belgium', '8377'),
(2850, 'Zulte', 'Belgium', '9870'),
(2851, 'Zulzeke', 'Belgium', '9690'),
(2852, 'Zutendaal', 'Belgium', '3690'),
(2853, 'Zwalm', 'Belgium', '9630'),
(2854, 'Zwevegem', 'Belgium', '8550'),
(2855, 'Zwevezele', 'Belgium', '8750'),
(2856, 'Zwijnaarde', 'Belgium', '9052'),
(2857, 'Zwijndrecht', 'Belgium', '2070');

-- --------------------------------------------------------

--
-- Table structure for table `herbalevel`
--

CREATE TABLE IF NOT EXISTS `herbalevel` (
  `ID` bigint(20) NOT NULL AUTO_INCREMENT,
  `DISCOUNTAMOUNT` int(11) DEFAULT NULL,
  `LEVELNAME` varchar(255) DEFAULT NULL,
  PRIMARY KEY (`ID`)
) ENGINE=InnoDB  DEFAULT CHARSET=latin1 AUTO_INCREMENT=3 ;

--
-- Dumping data for table `herbalevel`
--

INSERT INTO `herbalevel` (`ID`, `DISCOUNTAMOUNT`, `LEVELNAME`) VALUES
(1, 25, 'Member'),
(2, 35, 'Senior Consultant');

-- --------------------------------------------------------

--
-- Table structure for table `product`
--

CREATE TABLE IF NOT EXISTS `product` (
  `ID` bigint(20) NOT NULL AUTO_INCREMENT,
  `SKU` varchar(255) DEFAULT NULL,
  `PRODUCTPRICE` double DEFAULT NULL,
  `PRODUCTDESCRIPTION` varchar(255) DEFAULT NULL,
  `PRODUCTNAME` varchar(255) DEFAULT NULL,
  `PRODUCTCATEGORYID_ID` bigint(20) DEFAULT NULL,
  `PRODUCTLINEID_ID` bigint(20) DEFAULT NULL,
  PRIMARY KEY (`ID`),
  KEY `FK_PRODUCT_PRODUCTLINEID_ID` (`PRODUCTLINEID_ID`),
  KEY `FK_PRODUCT_PRODUCTCATEGORYID_ID` (`PRODUCTCATEGORYID_ID`)
) ENGINE=InnoDB  DEFAULT CHARSET=latin1 AUTO_INCREMENT=18 ;

--
-- Dumping data for table `product`
--

INSERT INTO `product` (`ID`, `SKU`, `PRODUCTPRICE`, `PRODUCTDESCRIPTION`, `PRODUCTNAME`, `PRODUCTCATEGORYID_ID`, `PRODUCTLINEID_ID`) VALUES
(4, '67890', 10, 'Demo Product 2', 'Demooo 2', 1, 3),
(5, '79315', 12.5, 'En dan nu een edit test', 'Aanmaak123', 1, 2),
(7, '55584', 12, 'Dit is een product gemaakt via de webinterface', 'createProduct', 1, 1),
(11, '456789', 15, 'Dit is een tweede product', 'createProduct2', 1, 3),
(13, '854796', 99, 'weer via site', 'tesproduct4', 1, 1),
(15, '25852', 55, 'dit is het 7e product', 'product7', 1, 1),
(17, '123456', 55, 'fdsafdsa', 'fdsafdsa', 1, 2);

-- --------------------------------------------------------

--
-- Table structure for table `productcategory`
--

CREATE TABLE IF NOT EXISTS `productcategory` (
  `ID` bigint(20) NOT NULL AUTO_INCREMENT,
  `PRODUCTCATEGORYNAME` varchar(255) DEFAULT NULL,
  `TAXRATEID_ID` bigint(20) DEFAULT NULL,
  PRIMARY KEY (`ID`),
  KEY `FK_PRODUCTCATEGORY_TAXRATEID_ID` (`TAXRATEID_ID`)
) ENGINE=InnoDB  DEFAULT CHARSET=latin1 AUTO_INCREMENT=3 ;

--
-- Dumping data for table `productcategory`
--

INSERT INTO `productcategory` (`ID`, `PRODUCTCATEGORYNAME`, `TAXRATEID_ID`) VALUES
(1, 'Food', 1),
(2, 'Non-Food', 3);

-- --------------------------------------------------------

--
-- Table structure for table `productline`
--

CREATE TABLE IF NOT EXISTS `productline` (
  `ID` bigint(20) NOT NULL AUTO_INCREMENT,
  `LINENAME` varchar(255) DEFAULT NULL,
  PRIMARY KEY (`ID`)
) ENGINE=InnoDB  DEFAULT CHARSET=latin1 AUTO_INCREMENT=4 ;

--
-- Dumping data for table `productline`
--

INSERT INTO `productline` (`ID`, `LINENAME`) VALUES
(1, 'Skin'),
(2, 'F1'),
(3, '24');

-- --------------------------------------------------------

--
-- Table structure for table `sequence`
--

CREATE TABLE IF NOT EXISTS `sequence` (
  `SEQ_NAME` varchar(50) NOT NULL,
  `SEQ_COUNT` decimal(38,0) DEFAULT NULL,
  PRIMARY KEY (`SEQ_NAME`)
) ENGINE=InnoDB DEFAULT CHARSET=latin1;

--
-- Dumping data for table `sequence`
--

INSERT INTO `sequence` (`SEQ_NAME`, `SEQ_COUNT`) VALUES
('SEQ_GEN', '0');

-- --------------------------------------------------------

--
-- Table structure for table `taxrate`
--

CREATE TABLE IF NOT EXISTS `taxrate` (
  `ID` bigint(20) NOT NULL AUTO_INCREMENT,
  `TAXRATE` double DEFAULT NULL,
  PRIMARY KEY (`ID`)
) ENGINE=InnoDB  DEFAULT CHARSET=latin1 AUTO_INCREMENT=4 ;

--
-- Dumping data for table `taxrate`
--

INSERT INTO `taxrate` (`ID`, `TAXRATE`) VALUES
(1, 6),
(2, 12),
(3, 21);

-- --------------------------------------------------------

--
-- Table structure for table `user`
--

CREATE TABLE IF NOT EXISTS `user` (
  `ID` bigint(20) NOT NULL AUTO_INCREMENT,
  `EMAIL` varchar(255) DEFAULT NULL,
  `FIRSTNAME` varchar(255) DEFAULT NULL,
  `HERBACCOUNT` varchar(255) DEFAULT NULL,
  `LASTNAME` varchar(255) DEFAULT NULL,
  `PASSWORD` varchar(255) DEFAULT NULL,
  `ADDRESSID_ID` bigint(20) DEFAULT NULL,
  `HERBALEVELID_ID` bigint(20) DEFAULT NULL,
  `USERSETTINGID_ID` bigint(20) DEFAULT NULL,
  PRIMARY KEY (`ID`),
  KEY `FK_USER_ADDRESSID_ID` (`ADDRESSID_ID`),
  KEY `FK_USER_HERBALEVELID_ID` (`HERBALEVELID_ID`),
  KEY `FK_USER_USERSETTINGID_ID` (`USERSETTINGID_ID`)
) ENGINE=InnoDB  DEFAULT CHARSET=latin1 AUTO_INCREMENT=3 ;

--
-- Dumping data for table `user`
--

INSERT INTO `user` (`ID`, `EMAIL`, `FIRSTNAME`, `HERBACCOUNT`, `LASTNAME`, `PASSWORD`, `ADDRESSID_ID`, `HERBALEVELID_ID`, `USERSETTINGID_ID`) VALUES
(2, 'remko@test.com', 'Remko', 'YUI', 'Holtrust', 'Test1234', 1, 1, 1);

-- --------------------------------------------------------

--
-- Table structure for table `usersetting`
--

CREATE TABLE IF NOT EXISTS `usersetting` (
  `ID` bigint(20) NOT NULL AUTO_INCREMENT,
  `ISADMIN` tinyint(1) DEFAULT '0',
  `ISLOCKED` tinyint(1) DEFAULT '0',
  `ISMAILVERIFIED` tinyint(1) DEFAULT '0',
  `ISMEMBER` tinyint(1) DEFAULT '0',
  `levelName` varchar(55) NOT NULL,
  PRIMARY KEY (`ID`)
) ENGINE=InnoDB  DEFAULT CHARSET=latin1 AUTO_INCREMENT=5 ;

--
-- Dumping data for table `usersetting`
--

INSERT INTO `usersetting` (`ID`, `ISADMIN`, `ISLOCKED`, `ISMAILVERIFIED`, `ISMEMBER`, `levelName`) VALUES
(1, 1, 0, 1, 1, 'Admin'),
(2, 0, 0, 1, 1, 'Registered Member'),
(3, 0, 0, 0, 1, 'Limited Member'),
(4, 0, 1, 1, 1, 'Locked Member');

--
-- Constraints for dumped tables
--

--
-- Constraints for table `address`
--
ALTER TABLE `address`
  ADD CONSTRAINT `FK_ADDRESS_WOONPLAATSID_ID` FOREIGN KEY (`WOONPLAATSID_ID`) REFERENCES `domicile` (`ID`);

--
-- Constraints for table `customer`
--
ALTER TABLE `customer`
  ADD CONSTRAINT `FK_CUSTOMER_ADDRESSID_ID` FOREIGN KEY (`ADDRESSID_ID`) REFERENCES `address` (`ID`);

--
-- Constraints for table `customerdata`
--
ALTER TABLE `customerdata`
  ADD CONSTRAINT `custoner_data_bind` FOREIGN KEY (`customerID`) REFERENCES `customer` (`ID`);

--
-- Constraints for table `product`
--
ALTER TABLE `product`
  ADD CONSTRAINT `FK_PRODUCT_PRODUCTCATEGORYID_ID` FOREIGN KEY (`PRODUCTCATEGORYID_ID`) REFERENCES `productcategory` (`ID`),
  ADD CONSTRAINT `FK_PRODUCT_PRODUCTLINEID_ID` FOREIGN KEY (`PRODUCTLINEID_ID`) REFERENCES `productline` (`ID`);

--
-- Constraints for table `productcategory`
--
ALTER TABLE `productcategory`
  ADD CONSTRAINT `FK_PRODUCTCATEGORY_TAXRATEID_ID` FOREIGN KEY (`TAXRATEID_ID`) REFERENCES `taxrate` (`ID`);

--
-- Constraints for table `user`
--
ALTER TABLE `user`
  ADD CONSTRAINT `FK_USER_ADDRESSID_ID` FOREIGN KEY (`ADDRESSID_ID`) REFERENCES `address` (`ID`),
  ADD CONSTRAINT `FK_USER_HERBALEVELID_ID` FOREIGN KEY (`HERBALEVELID_ID`) REFERENCES `herbalevel` (`ID`),
  ADD CONSTRAINT `FK_USER_USERSETTINGID_ID` FOREIGN KEY (`USERSETTINGID_ID`) REFERENCES `usersetting` (`ID`);

/*!40101 SET CHARACTER_SET_CLIENT=@OLD_CHARACTER_SET_CLIENT */;
/*!40101 SET CHARACTER_SET_RESULTS=@OLD_CHARACTER_SET_RESULTS */;
/*!40101 SET COLLATION_CONNECTION=@OLD_COLLATION_CONNECTION */;
